file_key;clube;pais
"semcontrato_172";" Sem Contrato - 18";"172"
"semcontrato_cg";" Sem Contrato - 19";"CG"
"07vestur_ilh";"07 Vestur";"Ilhas Faroé"
"12Bingolspor_tur";"12 Bingolspor";"Turquia"
"12deoctubre_par";"12 de Octubre";"Paraguai"
"1461Trabzon_tur";"1461 Trabzon";"Turquia"
"munchen1860_ale";"1860 München";"Alemanha"
"Rosenheim_ale";"1860 Rosenheim";"Alemanha"
"1deagosto_ang";"1º de Agosto";"ANG"
"2demayo_par";"2 de Mayo";"Paraguai"
"24Erzincanspor_tur";"24 Erzincanspor";"Turquia"
"25april_crn";"25 Abril";"CRN"
"3defebrero_par";"3 de Febrero";"Paraguai"
"9DeJulioDeRafaela_arg";"9 de Julio";"Argentina"
"aalborg_din";"Aalborg BK";"Dinamarca"
"Aalen_ale";"Aalen";"Alemanha"
"aarhus_den";"Aarhus GF";"DEN"
"abcrn_bra";"ABC";"Brasil"
"abecat";"ABECAT";"Brasil"
"aberdeen_esc";"Aberdeen";"Escócia"
"abha_ara";"Abha Club";"ARA"
"abs_nga";"ABS FC";"NGA"
"belinzona_sui";"AC Bellinzona";"Suíça"
"connecticut_eua";"AC Connecticut";"EUA"
"horsens_din";"AC Horsens";"Dinamarca"
"port_trt";"AC Port of Spain";"TRT"
"cantolao_per";"Academia Cantolao";"Peru"
"academicacoimbra_por";"Académica Coimbra";"Portugal"
"academicasf_por";"Académica II";"Portugal"
"academicoviseu_por";"Académico Viseu";"Portugal"
"Acassuso_arg";"Acassuso";"Argentina"
"accrington_ing";"Accrington Stanley";"Inglaterra"
"achilles29_hol";"Achilles";"Holanda"
"ACV_hol";"ACV Assen";"Holanda"
"adoliveirense_por";"AD Oliveirense";"Portugal"
"AdanaDemirspor_tur";"Adana Demirspor";"Turquia"
"adanaspor_tur";"Adanaspor";"Turquia"
"adesgac_bra";"ADESG";"Brasil"
"Adiyaman1954_tur";"Adıyaman 1954";"Turquia"
"admirawacker_aut";"Admira Wacker";"Áustria"
"admiraii_aut";"Admira Wacker II";"Áustria"
"adodenhaag_hol";"ADO Den Haag";"Holanda"
"aek_gre";"AEK Atenas";"Grécia"
"aeklarnaca_chi";"AEK Larnaca";"Chile"
"larissa_gre";"AEL FC";"Grécia"
"aelkalloni_gre";"AEL Kalloni";"Grécia"
"aellimassol_cyp";"AEL Limassol ";"CYP"
"amsterdam_hol";"AFC Amsterdam";"Holanda"
"afips_rus";"Afips";"Rússia"
"AfjetAfyonspor_tur";"Afjet Afyonspor";"Turquia"
"afogadospe_bra";"Afogados";"Brasil"
"Agrispor_tur";"Agrıspor";"Turquia"
"ahrobiznes_ucr";"Agrobiznes";"Ucrânia"
"agropecuario_arg";"Agropecuario";"Argentina"
"aguasantasp_bra";"Água Santa";"Brasil"
"rdagueda_por";"Águeda";"Portugal"
"aguiapa_bra";"Águia de Marabá";"Brasil"
"aguianegra_bra";"Águia Negra";"Brasil"
"AhZapla_arg";"AH Zapla";"Argentina"
"ahfc_eua";"AHFC Royals";"EUA"
"aik_sue";"AIK";"Suécia"
"aimorers_bra";"Aimoré";"Brasil"
"airdrieonians_esc";"Airdrieonians";"Escócia"
"ajaccio_fr";"Ajaccio";"FR"
"ajax_hol";"Ajax";"Holanda"
"ajaxb_hol";"Ajax II";"Holanda"
"wahda_uae";"Ajman";"UAE"
"akademiyafutbola_rus";"Akademiya Futbola";"Rússia"
"akishar_tur";"Akhisarspor";"Turquia"
"terekgroznyi_rus";"Akhmat Grozny";"Rússia"
"akragas_ita";"Akragas";"Itália"
"akron_rus";"Akron";"Rússia"
"akropolis_sue";"Akropolis IF";"Suécia"
"alahli_cat";"Al Ahli Doha";"Catar"
"alahly_egi";"Al Ahly";"Egito"
"al_ain_emi";"Al Ain";"Emirados"
"bidda_cat";"Al Bidda";"Catar"
"faisaly_jor";"Al Faisaly de Amã";"JOR"
"al_fateh_ara";"Al Fateh";"ARA"
"al-ittihad_iem";"Al Ittihad Ibb SCC";"IEM"
"ittihad_uae";"Al Ittihad Kalba";"UAE"
"aljazira_emi";"Al Jazira";"Emirados"
"almokawloon_egi";"Al Mokawloon";"Egito"
"alnassr_ara";"Al Nassr";"ARA"
"sharjah_uae";"Al Sharjah";"UAE"
"alshorta_ira";"Al Shorta";"IRA"
"alwahda_emi";"Al Wahda Abu Dhabi";"Emirados"
"wasl_uae";"Al Wasl";"UAE"
"al_ahli_ara";"Al-Ahli";"ARA"
"alahlytripoli_lib";"Al-Ahly Tripoli";"LIB"
"akhdoud_sau";"Al-Akhdoud";"SAU"
"alansar_leb";"Al-Ansar";"LEB"
"al_batin_ara";"Al-Batin";"ARA"
"Al-DhafraFC";"Al-Dhafra FC";"AL-DHAFRAFC"
"alduhail_cat";"Al-Duhail";"Catar"
"ettifaq_ara";"Al-Ettifaq";"ARA"
"alfaisaly_ara";"Al-Faisaly";"ARA"
"al_fayha_ara";"Al-Fayha";"ARA"
"Al-Shamal";"Al-Gharafa";"AL-SHAMAL"
"al_hazem_ara";"Al-Hazem";"ARA"
"omdurman_sud";"Al-Hilal";"SUD"
"al_hilal";"Al-Hilal ";"HILAL"
"alittihad_ara";"Al-Ittihad";"ARA"
"alexandria_egi";"Al-Ittihad Alexandria";"Egito"
"aljabalain_ara";"Al-Jabalain";"ARA"
"al_kawkab_ara";"Al-Kawkab";"ARA"
"al_khaleej_ara";"Al-Khaleej";"ARA"
"alkholood_ara";"Al-Kholood";"ARA"
"alkhor_cat";"Al-Khor";"Catar"
"almerrikh_sud";"Al-Merrikh";"SUD"
"mojzel_sau";"Al-Mujazzal";"SAU"
"al_nahda_ara";"Al-Nahda";"ARA"
"alnajma";"Al-Najma";"ALNAJMA"
"al_najoom_ara";"Al-Najoom";"ARA"
"alnasr_lib";"Al-Nasr";"LIB"
"al_nasr";"Al-Nasr";"NASR"
"alokhdood_ara";"Al-Okhdood Club";"ARA"
"alorobah_ara";"Al-Orobah";"ARA"
"al_qadisiya_ara";"Al-Qadsiah";"ARA"
"al_qaisoma_ara";"Al-Qaisoma";"ARA"
"al_raed_ara";"Al-Raed";"ARA"
"alrayyan_cat";"Al-Rayyan";"Catar"
"alriyadh_ara";"Al-Riyadh";"ARA"
"alsad_cat";"Al-Sadd";"Catar"
"alsailiya_cat";"Al-Sailiya";"Catar"
"al_shabab_ara";"Al-Shabab";"ARA"
"Al-Shahaniya";"Al-Shahaniya Stadium";"AL-SHAHANIYA"
"al_shoalah_ara";"Al-Shoalah";"ARA"
"al_taee_ara";"Al-Ta'i";"ARA"
"al_taawon_ara";"Al-Taawoun";"ARA"
"alwahda_sir";"Al-Wahda Damasco";"SIR"
"alwahdatripoli_lib";"Al-Wahda Tripoli";"LIB"
"al_wehda_ara";"Al-Wehda";"ARA"
"alwehdat_jor";"Al-Wehdat";"JOR"
"alajuelense_crc";"Alajuelense";"CRC"
"alania_rus";"Alania";"Rússia"
"alanyaspor_tur";"Alanyaspor";"Turquia"
"alashkertyerevan_arm";"Alashkert Yerevan";"ARM"
"alaves_esp";"Alavés";"Espanha"
"albacete_esp";"Albacete";"Espanha"
"linares_esp";"Alberto González";"Espanha"
"AlbinoLeffe_it";"AlbinoLeffe";"IT"
"albion_uru";"Albion";"Uruguai"
"albionrovers_esc";"Albion Rovers";"Escócia"
"albissola_it";"Albissola";"IT"
"alcanenense_por";"Alcanenense";"Portugal"
"alcorcon_esp";"Alcorcón";"Espanha"
"alcoyano_esp";"Alcoyano";"Espanha"
"aldershot_ing";"Aldershot Town";"Inglaterra"
"aldosivi_arg";"Aldosivi";"Argentina"
"lokoplovdiv_bul";"Aleksandar Tunchev";"BUL"
"AlemanniaAachen_ale";"Alemannia Aachen";"Alemanha"
"alessandria_ita";"Alessandria";"Itália"
"alfonsougarte_per";"Alfonso Ugarte";"Peru"
"alfredo_per";"Alfredo Salinas";"Peru"
"gandra_por";"Aliança Gandra";"Portugal"
"alianza_els";"Alianza";"ELS"
"alianzaatletico_per";"Alianza Atlético";"Peru"
"AlianzaCutral_arg";"Alianza Cutral Có";"Argentina"
"alianza_per";"Alianza Huánuco";"Peru"
"alianzalima_per";"Alianza Lima";"Peru"
"alianza_col";"Alianza Petrolera";"Colômbia"
"aljustrelense_por";"Aljustrelense";"Portugal"
"allboys_arg";"All Boys";"Argentina"
"allerheiligen_aut";"Allerheiligen";"Áustria"
"almagro_arg";"Almagro";"Argentina"
"almancilense_por";"Almancilense";"Portugal"
"LokomotiveLeipzig_ale";"Almedin Civa";"Alemanha"
"almerecity_hol";"Almere City";"Holanda"
"AlmereCityII_hol";"Almere City II";"Holanda"
"almeria_esp";"Almería";"Espanha"
"AlmiranteBrown_arg";"Almirante Brown";"Argentina"
"AltayIzmir_tur";"Altay SK";"Turquia"
"altos_pi";"Altos";"Brasil"
"aluminiumarak_iri";"Aluminium Arak";"IRI"
"alvorado_arg";"Alvarado";"Argentina"
"lautaro_chi";"Alvaro Muñoz";"Chile"
"fcalverca_por";"Alverca";"Portugal"
"alwaysready_bol";"Always Ready";"Bolívia"
"alyans_ucr";"Alyans";"Ucrânia"
"amapa_bra";"Amapá";"Brasil"
"amarante_por";"Amarante";"Portugal"
"amazonas_am";"Amazonas FC";"Brasil"
"amazoniaindependente_br";"Amazônia Independente";"Brasil"
"amed_tur";"Amed SK ";"Turquia"
"americacali_col";"América de Cali";"Colômbia"
"america_mex";"América do México";"México"
"americarj_bra";"América RJ";"Brasil"
"americamg_bra";"América-MG";"Brasil"
"americarn";"América-RN";"Brasil"
"americase_bra";"América-SE";"Brasil"
"americanorj_bra";"Americano";"Brasil"
"amiens_fra";"Amiens";"França"
"amkar_rus";"Amkar";"Rússia"
"amorebieta_esp";"Amorebieta";"Espanha"
"AFC_hol";"Amsterdamsche";"Holanda"
"skuamstetten_aut";"Amstetten";"Áustria"
"anadiafc_por";"Anadia";"Portugal"
"AnadoluBagcilar_tur";"Anadolu Bagcılar";"Turquia"
"AnadoluSelcukspor_tur";"Anadolu Selcukspor";"Turquia"
"ananindeua_bra";"Ananindeua";"Brasil"
"anapolina_go";"Anapolina";"Brasil"
"anapolisgo_bra";"Anápolis";"Brasil"
"ancona_ita";"Ancona";"Itália"
"anderlecht_bel";"Anderlecht";"Bélgica"
"Andino_arg";"Andino";"Argentina"
"andraus_bra";"Andraus";"Brasil"
"qingdao_chn";"Andrés Iniesta";"CHN"
"lokomotiv_uzb";"Andrey Fedorov";"UZB"
"Andrezieux_fra";"Andrezieux";"França"
"angers_fr";"Angers";"FR"
"AngersSCOII_fra";"Angers II";"França"
"scangrense_por";"Angrense";"Portugal"
"angusht_rus";"Angusht Nazran";"Rússia"
"AnkaraAdliyespor_tur";"Ankara Adliyespor";"Turquia"
"AnkaraDemirspor_tur";"Ankara Demirspor";"Turquia"
"osmanlispor_tur";"Ankaraspor";"Turquia"
"annanathletic_esc";"Annan Athletic";"Escócia"
"Annecy_fra";"Annecy";"França"
"antalyspor_tur";"Antalyaspor Kulübü";"Turquia"
"antigua_gua";"Antigua GFC";"GUA"
"antofagasta_chi";"Antofagasta";"Chile"
"lugo_esp";"Anxo Carro";"Espanha"
"anzhi_rus";"Anzhi Makhachkala";"Rússia"
"anzhi2_rus";"Anzhi Makhachkala II";"Rússia"
"anzhiyunior_rus";"Anzhi-Yunior";"Rússia"
"platania_gre";"AO Platanias";"Grécia"
"kerkyra_gre";"AOK Kerkyra";"Grécia"
"aparecidense_go";"Aparecidense";"Brasil"
"apoel_chp";"APOEL";"CHP"
"apollonlarissa_gre";"Apollon Larisas";"Grécia"
"apollonlemesos_chp";"Apollon Limassol";"CHP"
"apollonpontou_gre";"Apollon Pontou";"Grécia"
"apollonsmyrnis_gre";"Apollon Smyrnis";"Grécia"
"arabcontractors_egi";"Arab Contractors SC";"Egito"
"arabeunido_pan";"Árabe Unido";"PAN"
"araguaina_to";"Araguaína";"Brasil"
"aragvidusheti_ge";"Aragvi Dusheti";"Geórgia"
"araratmoscou_ba_rus";"Ararat Moscou";"Rússia"
"araraterewan_arm";"Ararat-Armenia";"ARM"
"araruamarj_bra";"Araruama";"Brasil"
"arbroath_esc";"Arbroath";"Escócia"
"arcahaie_hai";"Arcahaie";"HAI"
"arezzo_it";"Arezzo";"IT"
"ArgentinoDeMerlo_arg";"Argentino Merlo";"Argentina"
"ArgentinoDeQuilmes_arg";"Argentino Quilmes";"Argentina"
"ArgentinoDeRosario_arg";"Argentino Rosario";"Argentina"
"argentinojnrs_arg";"Argentinos Juniors";"Argentina"
"arislimassol_chp";"Aris Limassol";"CHP"
"aris_gre";"Aris Thessaloniki";"Grécia"
"armavir_rus";"Armavir";"Rússia"
"arminia_ale";"Arminia Bielefeld";"Alemanha"
"arouca_por";"Arouca";"Portugal"
"Arras_fra";"Arras";"França"
"arsenal";"Arsenal";"ARSENAL"
"arsenalsarandi_arg";"Arsenal de Sarandí";"Argentina"
"arsenal_ucr";"Arsenal Kiev";"Ucrânia"
"arsenaltula_rus";"Arsenal Tula";"Rússia"
"Arsinspor_tur";"Arsinspor";"Turquia"
"aruc";"ARUC";"Brasil"
"asotoho_con";"As Otohô";"CON"
"venus_tai";"AS Vénus";"TAI"
"asaarapiracaal_bra";"ASA";"Brasil"
"asantekotoko_nig";"Asante Kotoko";"NIG"
"diaraf_sen";"ASC Diaraf";"SEN"
"asc-societe-nationale_mtn";"ASC Société et Minière";"MTN"
"ascoli_ita";"Ascoli";"Itália"
"asecmimosas_cma";"ASEC Mimosas";"CMA"
"astana_caz";"Astana";"CAZ"
"asteras_gre";"Asteras Tripolis";"Grécia"
"astonvilla_ing";"Aston Villa";"Inglaterra"
"AstoriaWalldorf_ale";"Astoria Walldorf";"Alemanha"
"ASWH_hol";"ASWH";"Holanda"
"atalanta_it";"Atalanta";"IT"
"atenas_uru";"Atenas";"Uruguai"
"Atenas_arg";"Atenas Rio Cuarto";"Argentina"
"AmiensAC_fra";"Athletic Amiens";"França"
"atleticobilbao_esp";"Athletic Bilbao";"Espanha"
"athleticclub_mg";"Athletic Club";"Brasil"
"afcunited_sue";"Athletic Eskilstuna";"Suécia"
"atleticopr_bra";"Athletico-PR";"Brasil"
"atlanta_arg";"Atlanta";"Argentina"
"atlantaunited_eua";"Atlanta United";"EUA"
"Atlas_arg";"Atlas ";"Argentina"
"atlas_mex";"Atlas Guadalajara";"México"
"atleticoalagoinhas_bra";"Atlético Alagoinhas";"Brasil"
"atleticobaleares_esp";"Atlético Baleares";"Espanha"
"cabermejo_bol";"Atlético Bermejo";"Bolívia"
"Colegiales_Arg";"Atlético Colegiales";"ARG"
"atletico_col";"Atlético de Cali";"Colômbia"
"atleticoibirama_bra";"Atlético de Ibirama";"Brasil"
"atleticomadrid_esp";"Atlético de Madrid";"Espanha"
"sanluis_mex";"Atlético de San Luis";"México"
"atleticograu_per";"Atlético Grau";"Peru"
"atleticohuila_col";"Atlético Huila";"Colômbia"
"AtleticoLagunaBlanca_arg";"Atletico Laguna Blanca";"Argentina"
"atleticominero_per";"Atlético Minero";"Peru"
"nacional_col";"Atlético Nacional";"Colômbia"
"atleticopalmaflor_bol";"Atlético Palmaflor";"Bolívia"
"atleticoporteno_equ";"Atlético Porteño";"Equador"
"atleticocp_por";"Atlético Portugal";"Portugal"
"progreso_uru";"Atlético Progreso";"Uruguai"
"atleticorafaela_arg";"Atletico Rafaela";"Argentina"
"atletico_rr";"Atlético Roraima ";"Brasil"
"atlsantodomingoba_equ";"Atlético Santo Domingo";"Equador"
"atleticotorino_per";"Atlético Torino";"Peru"
"atleticotucaman_arg";"Atlético Tucumán";"Argentina"
"atleticoce_bra";"Atlético-CE";"Brasil"
"atleticogo_bra";"Atlético-GO";"Brasil"
"atleticomg_bra";"Atlético-MG";"Brasil"
"atleticopb_bra";"Atlético-PB";"Brasil"
"atleticopi";"Atlético-PI";"Brasil"
"atom_rus";"Atom";"Rússia"
"atromitos_gre";"Atromitos";"Grécia"
"atsvwolfsberg_aut";"ATSV Wolfsberg";"Áustria"
"atyra_par";"Atyrá";"Paraguai"
"aucas_equ";"Aucas";"Equador"
"auckland_nze";"Auckland City";"NZE"
"audax_chi";"Audax Italiano";"Chile"
"audaxrj_bra";"Audax RJ";"Brasil"
"Auerbach_ale";"Auerbach";"Alemanha"
"AugsburgII_ale";"Augsburg II";"Alemanha"
"clubaurora_bol";"Aurora";"Bolívia"
"austin433_eua";"Austin FC";"EUA"
"austriaklagenfurt_aut";"Austria Klagenfurt";"Áustria"
"austrialustenau_aut";"Austria Lustenau";"Áustria"
"austriasalzburg_aut";"Austria Salzburg";"Áustria"
"austriawien_aut";"Austria Wien";"Áustria"
"austriawienii_aut";"Austria Wien II";"Áustria"
"auxerre_fr";"Auxerre";"FR"
"AuxerreII_fra";"Auxerre II ";"França"
"avai_bra";"Avaí";"Brasil"
"avangard_ucr";"Avangard";"Ucrânia"
"avangard_rus";"Avangard Kursk ";"Rússia"
"avellino_ita";"Avellino";"Itália"
"avenida_bra";"Avenida";"Brasil"
"beziers_fra";"Avenir Béziers";"França"
"avranches_fra";"Avranches";"França"
"avs_por";"AVS Futebol SAD";"Portugal"
"avtofavorit_rus";"Avtofavorit";"Rússia"
"ayacucho_per";"Ayacucho";"Peru"
"Aydinspor1923_tur";"Aydınspor 1923";"Turquia"
"AyrUnited_esc";"Ayr United";"Escócia"
"azalkmaar_hol";"AZ Alkmaar";"Holanda"
"AZAL_aze";"AZAL Baku";"AZE"
"qarabag_aze";"Azersun Arena";"AZE"
"azurizpr_bra";"Azuriz";"Brasil"
"b36torshavn_fro";"B36 Tórshavn";"FRO"
"Babelsberg_ale";"Babelsberg";"Alemanha"
"backa_srb";"Backa Topola";"Sérvia"
"backatopola_srb";"Bačka Topola";"Sérvia"
"badgleichenberg_aut";"Bad Gleichenberg";"Áustria"
"badajoz_esp";"Badajoz";"Espanha"
"badalona_esp";"Badalona";"Espanha"
"bahia";"Bahia";"Brasil"
"bahiafeira_ba";"Bahia de Feira";"Brasil"
"balatown_wal";"Bala Town";"WAL"
"bali_idn";"Bali United";"IDN"
"balkany_ucr";"Balkany Zoria";"Ucrânia"
"ballkani_kos";"Ballkani";"KOS"
"baltika_rus";"Baltika";"Rússia"
"bandirmaspor_tur";"Bandırmaspor";"Turquia"
"banfield_arg";"Banfield";"Argentina"
"bangu";"Bangu ";"Brasil"
"banik_cze";"Baník Ostrava";"CZE"
"banyas_uae";"Baniyas";"UAE"
"BankAhly";"Bank El Ahly";"BANKAHLY"
"BaodingYingliYitong_chn";"Baoding Yingli Yitong";"CHN"
"BaotouNanjiao_chn";"Baotou Nanjiao";"CHN"
"barakaldo_esp";"Barakaldo";"Espanha"
"baraunas_bra";"Baraúnas";"Brasil"
"barcelona_esp";"Barcelona";"Espanha"
"barcelonaba_bra";"Barcelona de Ilhéus";"Brasil"
"barcelona_equ";"Barcelona Guayaquil";"Equador"
"barcelonab_esp";"Barcelona II";"Espanha"
"barcelona_ro";"Barcelona-RO ";"Brasil"
"bare_rr";"Baré";"Brasil"
"Barendrecht_hol";"Barendrecht";"Holanda"
"bari_ita";"Bari";"Itália"
"barnechea_chi";"Barnechea";"Chile"
"barnet_ing";"Barnet";"Inglaterra"
"barnsley_ing";"Barnsley";"Inglaterra"
"barra_sc";"Barra-SC";"Brasil"
"barracascentral_arg";"Barracas Central";"Argentina"
"barranquilla_col";"Barranquilla";"Colômbia"
"barreirense_por";"Barreirense";"Portugal"
"barrow_ing";"Barrow";"Inglaterra"
"barrytown_wal";"Barry Town";"WAL"
"basel_sui";"Basel";"Suíça"
"bassano_ita";"Bassano Virtus";"Itália"
"bastia_fra";"Bastia";"França"
"cabastia_fra";"Bastia-Borgo";"França"
"bateborisov_bie";"BATE Borisov";"BIE"
"BatmanPetrolspor_tur";"Batman Petrolspor";"Turquia"
"BayburtIOI_tur";"Bayburt IOI";"Turquia"
"bayerleverkusen_ale";"Bayer Leverkusen";"Alemanha"
"BayernHof_ale";"Bayern Hof";"Alemanha"
"bayern_ale";"Bayern München";"Alemanha"
"BayernMunchenII_ale";"Bayern Munique II ";"Alemanha"
"Bayrampasaspor_tur";"Bayrampasaspor";"Turquia"
"BBErzurumspor_tur";"BB Erzurumspor";"Turquia"
"BeQuick1887_hol";"Be Quick 1887";"Holanda"
"BeauvaisOise_fra";"Beauvais Oise";"França"
"beerschot_bel";"Beerschot Wilrijk";"Bélgica"
"BIT_chn";"Beijing BIT";"CHN"
"beijingeg_chn";"Beijing BSU";"CHN"
"beijinggoan_chn";"Beijing Guoan";"CHN"
"beijingrenhe_chn";"Beijing Renhe";"CHN"
"beiramar_por";"Beira-Mar";"Portugal"
"BeitarJer_isr";"Beitar Jerusalem";"ISR"
"belavista_bra";"Bela Vista-TO";"Brasil"
"belenenses_pt";"Belenenses";"PT"
"belfort_fra";"Belfort";"França"
"belgrano_arg";"Belgrano";"Argentina"
"BelgranoDeSantaRosa_arg";"Belgrano de Santa Rosa";"Argentina"
"belogorsk_rus";"Belogorsk";"Rússia"
"BenHur_arg";"Ben Hur";"Argentina"
"benevento_ita";"Benevento";"Itália"
"benfica_por";"Benfica";"Portugal"
"benficab_por";"Benfica B";"Portugal"
"bengaluru_ind";"Bengaluru";"IND"
"Berazategui_arg";"Berazategui";"Argentina"
"BergamaBelediye_tur";"Bergama Belediyespor";"Turquia"
"Bergerac_fra";"Bergerac";"França"
"BerlinerAnkaraspor_ale";"Berlin Ankaraspor";"Alemanha"
"BerlinerDynamo_ale";"Berliner Dynamo";"Alemanha"
"berwickrangers_esc";"Berwick Rangers";"Escócia"
"besiktas_tur";"Beşiktaş ";"Turquia"
"betimmg_bra";"Betim";"Brasil"
"bfcdaugavpils_let";"BFC Daugavpils";"Letônia"
"bidvest_afs";"Bidvest Wits";"AFS"
"binacional_per";"Binacional";"Peru"
"biolog_rus";"Biolog Novokubansk";"Rússia"
"birmingham_ing";"Birmingham City";"Inglaterra"
"legion433_eua";"Birmingham Legion";"EUA"
"bisceglie_Ita";"Bisceglie";"ITA"
"bischofshofen_aut";"Bischofshofen";"Áustria"
"hacken_sue";"BK Häcken";"Suécia"
"blackrock_eua";"Black Rock";"EUA"
"blackburn_ing";"Blackburn Rovers";"Inglaterra"
"blackpool_ing";"Blackpool";"Inglaterra"
"blauweisslinz_aut";"Blau Weiss Linz";"Áustria"
"blooming_bol";"Blooming";"Bolívia"
"boaesporte_bra";"Boa Esporte";"Brasil"
"boavista_bra";"Boavista";"Brasil"
"boavista_por";"Boavista";"Portugal"
"bocajuniors_arg";"Boca Juniors";"Argentina"
"bocaraton_eua";"Boca Raton";"EUA"
"bocaunidos_arg";"Boca Unidos";"Argentina"
"bochum_ale";"Bochum";"Alemanha"
"bodoglimt_nor";"Bodø/Glimt";"Noruega"
"Bodrumspor_tur";"Bodrumspor";"Turquia"
"bogota_col";"Bogotá";"Colômbia"
"bohemians_irl";"Bohemian FC";"IRL"
"boldklubben1893_din";"Boldklubben af 1893";"Dinamarca"
"bolivar_bol";"Bolívar";"Bolívia"
"bologna_it";"Bologna";"IT"
"boltfelagi1936_ilh";"Bóltfelagið 1936";"Ilhas Faroé"
"bolton_ing";"Bolton Wanderers";"Inglaterra"
"Boluspor_tur";"Boluspor";"Turquia"
"Bonne_ale";"Bonner";"Alemanha"
"bonnyriggroseba_esc";"Bonnyrigg Rose";"Escócia"
"borac_bih";"Borac Banja Luka";"BIH"
"bordeaux_fr";"Bordeaux";"FR"
"boreham_ing";"Boreham Wood";"Inglaterra"
"borussia_ale";"Borussia Dortmund";"Alemanha"
"BorussiaDortmundII_ale";"Borussia Dortmund II";"Alemanha"
"BorussiaHildesheim_ale";"Borussia Hildesheim";"Alemanha"
"stst_ale";"Borussia M'gladbach II ";"Alemanha"
"monchengladbach_ale";"Borussia Mönchengladbach";"Alemanha"
"bostonbolts_eua";"Boston Bolts";"EUA"
"bostonriver_uru";"Boston River";"Uruguai"
"botafogorj_bra";"Botafogo";"Brasil"
"botafogopb_bra";"Botafogo-PB";"Brasil"
"botafogosp_bra";"Botafogo-SP";"Brasil"
"botev_bul";"Botev Plovdiv";"BUL"
"boulogne_fra";"Boulogne";"França"
"BoulogneBillancourt_fra";"Boulogne Billancourt";"França"
"peronnas_fr";"Bourg-Péronnas";"FR"
"bournemouth_ing";"Bournemouth";"Inglaterra"
"boyaca_col";"Boyacá Chicó";"Colômbia"
"brabrand_din";"Brabrand";"Dinamarca"
"bradford_ing";"Bradford City";"Inglaterra"
"bragab_por";"Braga B";"Portugal"
"bragantino_pa";"Bragantino-PA";"Brasil"
"braintree_ing";"Braintree";"Inglaterra"
"brann_nor";"Brann Bergen";"Noruega"
"pelotas_bra";"Brasil de Pelotas";"Brasil"
"brasilia_df_bra";"Brasilia";"Brasil"
"brasiliense_bra";"Brasiliense";"Brasil"
"bravo_svn";"Bravo";"SVN"
"brazosvalley_eua";"Brazos Valley Cavalry";"EUA"
"brechincity_esc";"Brechin City";"Escócia"
"breidablik_isl";"Breiðablik UBK";"ISL"
"brentford_ing";"Brentford";"Inglaterra"
"brescia_it";"Brescia";"IT"
"brighton_ing";"Brighton & Hove Albion";"Inglaterra"
"brisbaneroar_aus";"Brisbane Roar";"Austrália"
"bristolcity_eng";"Bristol City";"ENG"
"bristolrovers_ing";"Bristol Rovers";"Inglaterra"
"bromley_ing";"Bromley";"Inglaterra"
"brondby_din";"Brøndby IF";"Dinamarca"
"BrownDeAdrogue_arg";"Brown de Adrogué";"Argentina"
"brujas_chi";"Brujas de Salamanca";"Chile"
"brusquesc_bra";"Brusque";"Brasil"
"bucaramanga_col";"Bucaramanga";"Colômbia"
"Bucaspor_tur";"Bucaspor";"Turquia"
"Buchbach_ale";"Buchbach";"Alemanha"
"budapeste_hun";"Budapest Honvéd";"HUN"
"BudissaBautzen_ale";"Budissa Bautzen";"Alemanha"
"buducnost_mon";"Buducnost";"MON"
"dobanovici_srb";"Budućnost Dobanovici";"Sérvia"
"Bugsasspor_tur";"Bugsasspor";"Turquia"
"bunyodkor_uzb";"Bunyodkor";"UZB"
"londerzeel_bel";"Burgemeester Lambertsstadion";"Bélgica"
"burgos_esp";"Burgos";"Espanha"
"buriram_tai";"Buriram United";"TAI"
"burnley_ing";"Burnley";"Inglaterra"
"bursaspor_tur";"Bursaspor";"Turquia"
"burton_ing";"Burton Albion";"Inglaterra"
"bury_ing";"Bury";"Inglaterra"
"bellavista_uru";"CA Bella Vista";"Uruguai"
"cerro_par";"CA Cerro";"Paraguai"
"rentistas_uru";"CA Rentistas";"Uruguai"
"cabofriense_bra";"Cabofriense";"Brasil"
"cachoeiroes_bra";"Cachoeiro";"Brasil"
"cadiz_esp";"Cádiz";"Espanha"
"caen_fr";"Caen";"FR"
"cagliari_it";"Cagliari";"IT"
"CAL_Arg";"CAI";"ARG"
"CalaisRUFC_fra";"Calais";"França"
"caldassc_por";"Caldas";"Portugal"
"caldense_bra";"Caldense";"Brasil"
"camacha_por";"Camacha";"Portugal"
"cambridge_ing";"Cambridge United";"Inglaterra"
"cambuur_hol";"Cambuur";"Holanda"
"cameta_pa";"Cametá";"Brasil"
"campinensepb_bra";"Campinense";"Brasil"
"limianos_por";"Campo do Cruzeiro";"Portugal"
"campomaiorense_por";"Campomaiorense";"Portugal"
"canadian_uru";"Canadian";"Uruguai"
"CanakkaleDardanel_tur";"Canakkale Dardanel";"Turquia"
"canoasrs_bra";"Canoas";"Brasil"
"Canuelas_arg";"Cañuelas";"Argentina"
"Capelle_hol";"Capelle";"Holanda"
"capital_df_bra";"Capital-DF";"Brasil"
"capitalto_bra";"Capital-TO";"Brasil"
"capitaopoco_pa";"Capitão Poço";"Brasil"
"capivariano_bra";"Capivariano";"Brasil"
"capixabaes";"Capixaba";"Brasil"
"capoise_hai";"Capoise";"HAI"
"cappellen_bel";"Cappellen";"Bélgica"
"Carabobo";"Carabobo";"CARABOBO"
"caracas_ven";"Caracas";"Venezuela"
"carapinheirense_por";"Carapinheirense";"Portugal"
"cardiff_ing";"Cardiff City";"Inglaterra"
"CarlZeissJena_ale";"Carl Zeiss Jena";"Alemanha"
"carlisle_ing";"Carlisle United";"Inglaterra"
"carlosmannucci_per";"Carlos Mannucci";"Peru"
"carpi_ita";"Carpi";"Itália"
"carrarese_ita";"Carrarese";"Itália"
"cartagena_esp";"Cartagena";"Espanha"
"casapio_pt";"Casa Pia";"PT"
"cascavel_pr";"Cascavel";"Brasil"
"Casertana_it";"Casertana";"IT"
"castanhalpa_bra";"Castanhal";"Brasil"
"castellon_esp";"Castellón";"Espanha"
"benficacbranco_por";"Castelo Branco";"Portugal"
"Catalcaspor_tur";"Çatalcaspor";"Turquia"
"catania_ita";"Catania";"Itália"
"catanzaro_ita";"Catanzaro";"Itália"
"caucaiace_bra";"Caucaia";"Brasil"
"caudal_esp";"Caudal";"Espanha"
"cavalry_can";"Cavalry";"CAN"
"cavese_ita";"Cavese";"Itália"
"caxias";"Caxias";"Brasil"
"caxiasc_bra";"Caxias SC";"Brasil"
"caykur_tur";"Çaykur Rizespor";"Turquia"
"nacional_por";"CD Nacional";"Portugal"
"realminas_hon";"CD Real Minas";"HON"
"navalcarnero_esp";"CDA Navalcarnero";"Espanha"
"ceara_bra";"Ceará";"Brasil"
"tirol_ce";"CEFAT Tirol";"Brasil"
"ceilandia";"Ceilândia";"Brasil"
"celtadevigo_esp";"Celta de Vigo";"Espanha"
"celtadevigob_esp";"Celta de Vigo II";"Espanha"
"glasgowceltic_esc";"Celtic";"Escócia"
"central_bra";"Central";"Brasil"
"CentralBallester_arg";"Central Ballester";"Argentina"
"centralcordoba_arg";"Central Córdoba";"Argentina"
"CACentralCordoba_arg";"Central Córdoba Rosario";"Argentina"
"centralespanol_uru";"Central Español";"Uruguai"
"central_trt";"Central FC";"TRT"
"CentralNorte_arg";"Central Norte";"Argentina"
"centrooeste_go";"Centro Oeste SAF";"Brasil"
"ceoal_bra";"CEO";"Brasil"
"Ceramica";"Ceramica Cleopatra";"CERAMICA"
"cerclebrugge_bel";"Cercle Brugge";"Bélgica"
"cerezoosaka_jap";"Cerezo Osaka";"Japão"
"cerrito_uru";"Cerrito";"Uruguai"
"cerrolargo_uru";"Cerro Largo";"Uruguai"
"cerroporteno_par";"Cerro Porteño";"Paraguai"
"cesarense_por";"Cesarense";"Portugal"
"cesena_ita";"Cesena";"Itália"
"montreal433_eua";"CF Montréal";"EUA"
"cfarmacenenses_por";"CF Os Belenenses";"Portugal"
"cfrcluj_rom";"CFR Cluj";"ROM"
"chacaritajrs_arg";"Chacarita Juniors";"Argentina"
"chacaritasba_equ";"Chacaritas";"Equador"
"ChacoForEver_arg";"Chaco For Ever";"Argentina"
"chayka_rus";"Chaika";"Rússia"
"chambly_fra";"Chambly";"França"
"niortais_fr";"Chamois Niort";"FR"
"chapada_mt";"Chapada";"Brasil"
"chapecoense_bra";"Chapecoense";"Brasil"
"charleroi_bel";"Charleroi";"Bélgica"
"charleston433_eua";"Charleston";"EUA"
"charlotteeagles_eua";"Charlotte Eagles";"EUA"
"charlotte433_eua";"Charlotte FC";"EUA"
"charlotteindependence433_eua";"Charlotte Independence";"EUA"
"charlton_eng";"Charlton Athletic";"ENG"
"Chartres_fra";"Chartres";"França"
"Chateaubriant_fra";"Chateaubriant";"França"
"chaves_por";"Chaves";"Portugal"
"chelsea";"Chelsea";"CHELSEA"
"cheltenham_ing";"Cheltenham Town";"Inglaterra"
"Chemnitzer_ale";"Chemnitzer";"Alemanha"
"ChengduQbao_chn";"Chengdu Qbao";"CHN"
"chengdurongcheng_chi";"Chengdu Rongcheng";"China"
"cherepovets_rus";"Cherepovets";"Rússia"
"cherkashna_ucr";"Cherkashchyna";"Ucrânia"
"chernomorets_rus";"Chernomorets";"Rússia"
"chertanovo_rus";"Chertanovo";"Rússia"
"chertanovo2_rus";"Chertanovo Moscou II";"Rússia"
"chester_ing";"Chester";"Inglaterra"
"chesterfield_ing";"Chesterfield";"Inglaterra"
"chiangrai_tai";"Chiangrai United";"TAI"
"fcunited_eua";"Chicago FC United";"EUA"
"chicago433_eua";"Chicago Fire";"EUA"
"chievoverona_it";"Chievo Verona";"IT"
"chimbarongo_chi";"Chimbarongo";"Chile"
"chita_rus";"Chita";"Rússia"
"Choletais_fra";"Cholet";"França"
"chongqinglifan_chn";"Chongqing Dangdai";"CHN"
"chongqingtongliangloon_chi";"Chongqing Tongliang Loong";"China"
"chornomorets_ucr";"Chornomorets";"Ucrânia"
"lyngby_din";"Christian Nielsen";"Dinamarca"
"cianorte_pr";"Cianorte";"Brasil"
"cibalia_cro";"Cibalia Vinkovci";"Croácia"
"cibao_rdo";"Cibao";"RDO"
"ciclon_bol";"Ciclón";"Bolívia"
"cienciano_per";"Cienciano";"Peru"
"ciney_bel";"Ciney";"Bélgica"
"cinfaes_por";"Cinfães";"Portugal"
"Cipolletti_arg";"Cipolletti";"Argentina"
"cittadella_ita";"Cittadella";"Itália"
"Cizrespor_tur";"Cizrespor";"Turquia"
"clanjuvenil_equ";"Clan Juvenil";"Equador"
"clermont_fr";"Clermont";"FR"
"clubafricain_tun";"Club Africain";"TUN"
"brugge_bel";"Club Brugge";"Bélgica"
"Comunicaciones_arg";"Club Comunicaciones";"Argentina"
"leon_mex";"Club León";"México"
"necaxa_mex";"Club Necaxa";"México"
"sando_trt";"Club Sando";"TRT"
"tijuana_mex";"Club Tijuana";"México"
"clyde_esc";"Clyde";"Escócia"
"cnaps_mad";"CNaPS Sport";"MAD"
"cobreloa_chi";"Cobreloa";"Chile"
"cobresal_chi";"Cobresal";"Chile"
"CODMEknes";"COD Meknès";"CODMEKNES"
"coimbroes_por";"Coimbrões";"Portugal"
"colatina_bra";"Colatina";"Brasil"
"colchagua_chi";"Colchagua";"Chile"
"colchester_ing";"Colchester United";"Inglaterra"
"Coleraine_irn";"Coleraine";"IRN"
"colina_chi";"Colina";"Chile"
"colocolo_chi";"Colo Colo";"Chile"
"colocoloba_bra";"Colo-Colo";"Brasil"
"ColomiersUS_fra";"Colomiers";"França"
"colon_arg";"Colón";"Argentina"
"coloradorapids433_eua";"Colorado Rapids";"EUA"
"columbuscrew_eua";"Columbus Crew";"EUA"
"comercial_sp";"Comercial - SP";"Brasil"
"comerciantes_per";"Comerciantes Unidos";"Peru"
"como_it";"Como";"IT"
"StMaurLusitanos_fra";"Complexe Sportif Louison Bobet";"França"
"comunicaciones_gua";"Comunicaciones";"GUA"
"concarnoise_fra";"Concarneau";"França"
"Concepcion_arg";"Concepción";"Argentina"
"asconcorde_van";"Concorde";"VAN"
"concordiasc_bra";"Concórdia";"Brasil"
"confianca_se";"Confiança";"Brasil"
"ConsolatMarseille_fra";"Consolat Marseille";"França"
"coquimbounido_chi";"Coquimbo Unido";"Chile"
"cordoba_esp";"Córdoba";"Espanha"
"corinthians_bra";"Corinthians";"Brasil"
"coritiba_bra";"Coritiba";"Brasil"
"bolognesi_per";"Coronel Bolognesi";"Peru"
"corpuschristi_eua";"Corpus Christi";"EUA"
"cortulua_col";"Cortuluá";"Colômbia"
"CorumBelediyespor_tur";"Çorum Belediyespor";"Turquia"
"corumbaense_ms";"Corumbaense";"Brasil"
"coruripe_al";"Coruripe";"Brasil"
"coruxo_esp";"Coruxo";"Espanha"
"cosenza_ita";"Cosenza";"Itália"
"costadosol_moc";"Costa do Sol";"MOC"
"costarica_bra";"Costa Rica-MS";"Brasil"
"cotonsport_cam";"Coton Sport";"CAM"
"covapiedade_por";"Cova da Piedade";"Portugal"
"coverangers_esc";"Cove Rangers";"Escócia"
"coventry_ing";"Coventry City";"Inglaterra"
"covilha_por";"Covilhã";"Portugal"
"cowdenbeath_esc";"Cowdenbeath";"Escócia"
"coxim_bra";"Coxim";"Brasil"
"coxyde_bel";"Coxyde";"Bélgica"
"crbelouizdad_arl";"CR Belouizdad";"ARL"
"cracgo_bra";"CRAC";"Brasil"
"crawley_ing";"Crawley Town";"Inglaterra"
"crb_bra";"CRB";"Brasil"
"cremonese_ita";"Cremonese";"Itália"
"CreteilLusitanos_fra";"Créteil-Lusitanos";"França"
"crewe_ing";"Crewe Alexandra";"Inglaterra"
"criciuma_bra";"Criciúma";"Brasil"
"cristal_ap";"Cristal";"Brasil"
"croatiazmijavci_cro";"Croatia Zmijavci";"Croácia"
"crotone_ita";"Crotone";"Itália"
"CrucerDelNorte_arg";"Crucero Del Norte";"Argentina"
"cruzazul_mex";"Cruz Azul";"México"
"CruzDelSur_arg";"Cruz Del Sur";"Argentina"
"cruzeiro_bra";"Cruzeiro";"Brasil"
"cruzeiroarapiraca_br";"Cruzeiro - AL";"Brasil"
"crystalpalace_ing";"Crystal Palace";"Inglaterra"
"constantine_arg";"CS Constantine";"Argentina"
"sfaxien_tun";"CS Sfaxien";"TUN"
"csa_bra";"CSA";"Brasil"
"cseal_bra";"CSE";"Brasil"
"cska1948_bul";"CSKA 1948 Sofia";"BUL"
"cskamoscow_rus";"CSKA Moscow";"Rússia"
"cskasofia_bul";"CSKA Sofia";"BUL"
"cucuta_col";"Cúcuta Deportivo";"Colômbia"
"cuiaba_bra";"Cuiabá";"Brasil"
"cukaricki_srb";"Čukarički";"Sérvia"
"leonesa_esp";"Cultural Leonesa";"Espanha"
"cultural_per";"Cultural Santa Rosa";"Peru"
"curicounido_chi";"Curicó Unido";"Chile"
"cuscofcba_per";"Cusco";"Peru"
"fuego433_eua";"CV Fuego FC";"EUA"
"daegu_cor";"Daegu";"COR"
"dagenham_ing";"Dagenham & Redbridge";"Inglaterra"
"sacrecoeur_sen";"Dakar Sacré-Coeur";"SEN"
"lokeren_bel";"Daknamstadion";"Bélgica"
"dalianyifang_chn";"Dalian Pro";"CHN"
"dalianyingbo_chi";"Dalian Yingbo";"China"
"dalkurd_sue";"Dalkurd FF";"Suécia"
"damacfc_ara";"Damac FC";"ARA"
"danubio_uru";"Danubio";"Uruguai"
"DaricaGenclerbirligi_tur";"Darıca Genclerbirligi";"Turquia"
"darmstadt98_ale";"Darmstadt 98";"Alemanha"
"lexington433_eua";"Darren Powell";"EUA"
"liepaja_let";"Daugava";"LET"
"Linfield_irn";"David Healy";"IRN"
"dcunited433_eua";"DC United";"EUA"
"DeDijk_hol";"De Dijk";"Holanda"
"degraafschap_hol";"De Graafschap";"Holanda"
"DeGraafschapII_hol";"De Graafschap II";"Holanda"
"DeMeern_hol";"De Meern";"Holanda"
"Lisse_hol";"de Ruiter";"Holanda"
"DeTreffers_hol";"De Treffers";"Holanda"
"debrecen_hun";"Debrecen";"HUN"
"decisaope_bra";"Decisão";"Brasil"
"DefensoresDe_arg";"Def. de Pronunciamento";"Argentina"
"defenceforce_trt";"Defence Force";"TRT"
"defensayjusticia_ar";"Defensa y Justicia";"AR"
"defensor_per";"Defensor La Bocana";"Peru"
"defensor_uru";"Defensor Sporting";"Uruguai"
"defensoresdebelgrano_arg";"Defensores Belgrano";"Argentina"
"DefensoresDeBelgranovilla_arg";"Defensores Belgrano VR";"Argentina"
"DefensoresDeCambaceres_arg";"Defensores de Cambaceres ";"Argentina"
"DefensoresUnidos_arg";"Defensores Unidos";"Argentina"
"degerfors_sue";"Degerfors IF";"Suécia"
"deinze_bel";"Deinze";"Bélgica"
"delfin_equ";"Delfín";"Equador"
"delinizhevsk_rus";"Delin Izhevsk";"Rússia"
"ecdemocrata_mg";"Democrata GV";"Brasil"
"democratasl_bra";"Democrata SL";"Brasil"
"denbosch_hol";"Den Bosch";"Holanda"
"dender_bel";"Dender";"Bélgica"
"Denizlispor_tur";"Denizlispor";"Turquia"
"deportesiquique_chi";"Deportes Iquique";"Chile"
"laserena_chi";"Deportes La Serena";"Chile"
"melipilla_chi";"Deportes Melipilla";"Chile"
"naval_chi";"Deportes Naval";"Chile"
"deportesquindio_col";"Deportes Quíndio";"Colômbia"
"santacruz_chi";"Deportes Santa Cruz";"Chile"
"temuco_chi";"Deportes Temuco";"Chile"
"deportestolima_col";"Deportes Tolima";"Colômbia"
"vallenar_chi";"Deportes Vallenar";"Chile"
"DeportivoArmenio_arg";"Deportivo Armenio";"Argentina"
"deportivocaaguazu_par";"Deportivo Caaguazú";"Paraguai"
"deportivocali_col";"Deportivo Cali";"Colômbia"
"deportivocapiata_par";"Deportivo Capiatá";"Paraguai"
"deportivocoopsol_per";"Deportivo Coopsol";"Peru"
"deportivocuenca_equ";"Deportivo Cuenca";"Equador"
"DeportivoEspanol_arg";"Deportivo Español";"Argentina"
"dep_guadalajara_mex";"Deportivo Guadalajara";"México"
"deportivohualgayoc_per";"Deportivo Hualgayoc";"Peru"
"deportivolacoruna_esp";"Deportivo La Coruña";"Espanha"
"deplaguaira_ven";"Deportivo La Guaira";"Venezuela"
"DeportivoLaferrere_arg";"Deportivo Laferrere";"Argentina"
"deportivolara_ven";"Deportivo Lara";"Venezuela"
"deportivoliberacion_par";"Deportivo Liberación";"Paraguai"
"depllacuabambaba_per";"Deportivo Llacuabamba";"Peru"
"DeportivoMadryn_arg";"Deportivo Madryn";"Argentina"
"DeportivoMaipu_arg";"Deportivo Maipú";"Argentina"
"depmaldonado_uru";"Deportivo Maldonado";"Uruguai"
"DeportivoMerlo_arg";"Deportivo Merlo";"Argentina"
"DeportivoMoron_arg";"Deportivo Morón";"Argentina"
"municipal_per";"Deportivo Municipal";"Peru"
"DeportivoParaguayo_arg";"Deportivo Paraguayo";"Argentina"
"deportivopasto_col";"Deportivo Pasto";"Colômbia"
"deportivopereira_col";"Deportivo Pereira";"Colômbia"
"depriestra_arg";"Deportivo Riestra";"Argentina"
"DeportivoGeneralRoca_arg";"Deportivo Roca";"Argentina"
"deportivosantani_par";"Deportivo Santaní";"Paraguai"
"deportivosapri_cos";"Deportivo Saprissa";"COS"
"deptachira_ven";"Deportivo Táchira";"Venezuela"
"toluca_mex";"Deportivo Toluca";"México"
"derby_ing";"Derby County";"Inglaterra"
"derry_irl";"Derry City";"IRL"
"Desamparados_arg";"Desamparados";"Argentina"
"desna_ucr";"Desna";"Ucrânia"
"desportivaferroviaria_es";"Desportiva Ferroviária ";"Brasil"
"dpaves_por";"Desportivo Aves";"Portugal"
"dessel_bel";"Dessel Sport";"Bélgica"
"clubdestroyers_bol";"Destroyers";"Bolívia"
"detroit433_eua";"Detroit City";"EUA"
"dsc_aut";"Deutschlandsberger";"Áustria"
"DibbaSCC";"Dibba SCC";"DIBBASCC"
"Dieppe_fra";"Dieppe";"França"
"Differdange_Lux";"Differdange 03";"LUX"
"dijon_fr";"Dijon";"FR"
"dilagori_ge";"Dila Gori";"Geórgia"
"dinamobarnaul_rus";"Dinamo Barnaul";"Rússia"
"DBatumi_Geo";"Dinamo Batumi";"GEO"
"dinamobryansk_rus";"Dinamo Bryansk";"Rússia"
"fcdinamo_rom";"Dinamo Bucuresti";"ROM"
"dinamokiev_ucr";"Dinamo Kiev";"Ucrânia"
"dinamokirov_rus";"Dinamo Kirov";"Rússia"
"dinamokostroma_rus";"Dinamo Kostroma";"Rússia"
"dinamominsk_bie";"Dinamo Minsk";"BIE"
"dinamo2moscow_rus";"Dinamo Moscou II";"Rússia"
"dynamo_rus";"Dinamo Moscow";"Rússia"
"luchvladivostok_rus";"Dinamo Stadium";"Rússia"
"legiondinamo_rus";"Dinamo Stadium Makhachkala";"Rússia"
"dinamostavropol_rus";"Dinamo Stavropol";"Rússia"
"dinamotbilisi_geo";"Dinamo Tbilisi";"GEO"
"dinamo_srb";"Dinamo Vranje";"Sérvia"
"dinamozagreb_cro";"Dinamo Zagreb ";"Croácia"
"dinamoauto_mol";"Dinamo-Auto";"MOL"
"Diyarbekirspor_tur";"Diyarbekirspor";"Turquia"
"djurgardens_sue";"Djurgardens IF";"Suécia"
"crfsosmolensk_rus";"Dnepr Smolensk";"Rússia"
"dnipro1_ucr";"Dnipro-1";"Ucrânia"
"DockSud_arg";"Dock Sud";"Argentina"
"dolgoprudny_rus";"Dolgoprudnyi";"Rússia"
"domzale_svn";"Domžale";"SVN"
"doncaster_ing";"Doncaster Rovers";"Inglaterra"
"Dongen_hol";"Dongen";"Holanda"
"dordrecht_hol";"Dordrecht";"Holanda"
"dorense_bra";"Dorense";"Brasil"
"dornbirn_aut";"Dornbirn";"Áustria"
"DouglasHaig_arg";"Douglas Haig";"Argentina"
"dourados_ms";"Dourados";"Brasil"
"dover_ing";"Dover Athletic";"Inglaterra"
"DOVO_hol";"DOVO";"Holanda"
"doxadramas_gre";"Doxa Dramas";"Grécia"
"Drancy_fra";"Drancy";"França"
"drassburg_aut";"Draßburg";"Áustria"
"Drita_kos";"Drita Gjilan";"KOS"
"DrochtersenAssel_ale";"Drochtersen Assel";"Alemanha"
"druzhba_rus";"Druzhba Maikop";"Rússia"
"dugopolje_cro";"Dugopolje";"Croácia"
"duisburg_ale";"Duisburg";"Alemanha"
"dumbarton_esc";"Dumbarton";"Escócia"
"dacdunajskastreda_slk";"Dunajská Streda";"SLK"
"dundalk_irl";"Dundalk";"IRL"
"dundee_esc";"Dundee FC";"Escócia"
"dundeeunited_esc";"Dundee United";"Escócia"
"Dumfermline_esc";"Dunfermline";"Escócia"
"dunkerque_fra";"Dunkerque";"França"
"Duzyurtspor_tur";"Duzyurtspor";"Turquia"
"dynamobrest_bie";"Dynamo Brest";"BIE"
"dynamodresden_ale";"Dynamo Dresden";"Alemanha"
"dynamos_zim";"Dynamos";"ZIM"
"kingfisher_ind";"East Bengal";"IND"
"eastfife_esc";"East Fife";"Escócia"
"eastthurrock_ba_ing";"East Thurrock";"Inglaterra"
"eastern_hk";"Eastern SC";"HK"
"eastleigh_ing";"Eastleigh";"Inglaterra"
"ebstreymur_ilh";"EB/Streymur";"Ilhas Faroé"
"ebbsfleet_ing";"Ebbsfleet United";"Inglaterra"
"ebreichsdorf_aut";"Ebreichsdorf";"Áustria"
"edinburghcity_esc";"Edinburgh City";"Escócia"
"aalst_bel";"Eendracht Aalst";"Bélgica"
"eibar_esp";"Eibar";"Espanha"
"eindhoven_hol";"Eindhoven";"Holanda"
"eintrachtbraunschweig_ale";"Eintracht Braunschweig";"Alemanha"
"EintrachtBraunschweigII_ale";"Eintracht Braunschweig II";"Alemanha"
"fsvfrankfurt_ale";"Eintracht Frankfurt";"Alemanha"
"EintrachtNorderstedt_ale";"Eintracht Norderstedt";"Alemanha"
"EintrachtTrier_ale";"Eintracht Trier ";"Alemanha"
"ElMasry";"El Masry SC";"ELMASRY"
"elnacional_equ";"El Nacional";"Equador"
"elpaso433_eua";"El Paso";"EUA"
"ElProvenir_arg";"El Provenir";"Argentina"
"eltanquesisley_uru";"El Tanque Sisley";"Uruguai"
"Elazigspor_tur";"Elazigspor";"Turquia"
"ElazizBelediyespor_tur";"Elaziz Belediyespor";"Turquia"
"elche_esp";"Elche";"Espanha"
"SVElchede_ale";"Elchede";"Alemanha"
"eldense_esp";"Eldense";"Espanha"
"elgincity_esc";"Elgin City";"Escócia"
"Elversberg_ale";"Elversberg";"Alemanha"
"emelec_equ";"Emelec";"Equador"
"empoli_it";"Empoli";"IT"
"EnergieCottbus_ale";"Energie Cottbus";"Alemanha"
"energomash_rus";"Energomash";"Rússia"
"engordany_and";"Engordany";"AND"
"yenisey_rus";"Enisey";"Rússia"
"enriquehapp_bol";"Enrique Happ";"Bolívia"
"EntenteSSG_fra";"Entente SSG";"França"
"envigado_col";"Envigado";"Colômbia"
"enyimba_nig";"Enyimba";"NIG"
"erakor_van";"Erakor Golden Star";"VAN"
"Erbaaspor_tur";"Erbaaspor";"Turquia"
"ErgeneVelimese_tur";"Ergene Velimese";"Turquia"
"ergotelis_gre";"Ergotelis";"Grécia"
"Erokspor_tur";"Erokspor";"Turquia"
"erzgebirgeaue_ale";"Erzgebirge Aue";"Alemanha"
"ErzinBelediyespor_tur";"Erzin Belediyespor";"Turquia"
"essetif_arl";"ES Sétif";"ARL"
"esbjerg_din";"Esbjerg fB";"Dinamarca"
"escuelamacul_chi";"Escuela Macul";"Chile"
"Eskisehirspor_tur";"Eskisehirspor";"Turquia"
"espanyol_esp";"Espanyol";"Espanha"
"estunis_tun";"Espérance Tunis";"TUN"
"esporte_pb";"Esporte";"Brasil"
"esportivors_bra";"Esportivo";"Brasil"
"estacioncentral_chi";"Estación Central";"Chile"
"lusitano_por";"Estádio dos Trambelos";"Portugal"
"louletano_por";"Estádio Municipal de Loulé";"Portugal"
"cdestarreja_por";"Estarreja";"Portugal"
"esteghlal_irn";"Esteghlal";"IRN"
"estoril_por";"Estoril";"Portugal"
"estrelaamadora_por";"Estrela Amadora";"Portugal"
"estrelaes_bra";"Estrela do Norte";"Brasil"
"estrelavermelha_ser";"Estrela Vermelha";"Sérvia"
"EstudiantesDeCaseros_arg";"Estudiantes de Caseros";"Argentina"
"estudiantes_ar";"Estudiantes de La Plata";"AR"
"EstudiantesDeRioCuarto_arg";"Estudiantes Río Cuarto";"Argentina"
"EtimesgutBelediye_tur";"Etimesgut Belediye";"Turquia"
"etoile_sui";"Etoile Carouge FC";"Suíça"
"etoilesahel_tun";"Étoile Sahel";"TUN"
"europa_gib";"Europa FC";"GIB"
"evergreen_usa";"Evergreen";"USA"
"everton_ing";"Everton";"Inglaterra"
"everton_chi";"Everton";"Chile"
"EVV_hol";"EVV Echt";"Holanda"
"ExcelsiorMaassluis_hol";"Excelsior Maassluis";"Holanda"
"excelsior_hol";"Excelsior Rotterdam";"Holanda"
"excelsiorvirton_bel";"Excelsior Virton";"Bélgica"
"Excursionistas_arg";"Excursionistas";"Argentina"
"exeter_ing";"Exeter City";"Inglaterra"
"lukienergiya_rus";"Express Stadion";"Rússia"
"extremadura_esp";"Extremadura";"Espanha"
"Eyupspor_tur";"Eyupspor";"Turquia"
"FA2000_din";"FA 2000";"Dinamarca"
"fasiauliai_lit";"FA Šiauliai";"Lituânia"
"gdfabril_por";"Fabril Barreiro";"Portugal"
"fafe_por";"Fafe";"Portugal"
"fakel_rus";"Fakel";"Rússia"
"falcon433_bra";"Falcon FC ";"Brasil"
"LePontetUS_fra";"Falette";"França"
"falkenbergs_sue";"Falkenbergs FF";"Suécia"
"falkirk_esc";"Falkirk";"Escócia"
"famalicao_por";"Famalicão";"Portugal"
"fano_ita";"Fano";"Itália"
"far_mar";"FAR Rabat";"Marrocos"
"farense_por";"Farense";"Portugal"
"fatihkaragumruk_tur";"Fatih Karagümrük SK";"Turquia"
"fatima_por";"Fátima";"Portugal"
"aarau_sui";"FC Aarau";"Suíça"
"agmk_uzb";"FC AGMK";"UZB"
"fc-andorra_and";"FC Andorra";"AND"
"fcandorra_esp";"FC Andorra";"Espanha"
"anif_aut";"FC Anif";"Áustria"
"augsburg_ale";"FC Augsburg";"Alemanha"
"basel2_sui";"FC Basel U21";"Suíça"
"bavois_sui";"FC Bavois";"Suíça"
"blackstar_sui";"FC Black Stars Basel ";"Suíça"
"botosani_rom";"FC Botosani ";"ROM"
"breitenrain_sui";"FC Breitenrain";"Suíça"
"chiasso_sui";"FC Chiasso";"Suíça"
"cincinnati433_eua";"FC Cincinnati";"EUA"
"dallas433_eua";"FC Dallas";"EUA"
"fcdziugas_lit";"FC Džiugas";"Lituânia"
"fcemmen_hol";"FC Emmen";"Holanda"
"fcgoa_ind";"FC Goa";"IND"
"groningen_hol";"FC Groningen";"Holanda"
"fchegelmann_lit";"FC Hegelmann";"Lituânia"
"copenhague_din";"FC København";"Dinamarca"
"koniz_sui";"FC Köniz";"Suíça"
"fckuressaare_est";"FC Kuressaare";"Estônia"
"lausanne_sui";"FC Lausanne-Sport";"Suíça"
"liefering_aut";"FC Liefering";"Áustria"
"lugano_sui";"FC Lugano";"Suíça"
"milsami_mda";"FC Milsami Orhei";"MDA"
"musingen_sui";"FC Münsingen";"Suíça"
"fcnommeunited_est";"FC Nõmme United";"Estônia"
"nordsjaelland_din";"FC Nordsjælland";"Dinamarca"
"nurnberg_ale";"FC Nürnberg";"Alemanha"
"fcplatinum_zim";"FC Platinum";"ZIM"
"rapperswiljona_sui";"FC Rapperswil-Jona";"Suíça"
"fcrfs_let";"FC RFS";"Letônia"
"schaffhausen_sui";"FC Schaffhausen";"Suíça"
"fcseoul_cor";"FC Seoul";"COR"
"sion_sui";"FC Sion";"Suíça"
"SionII_sui";"FC Sion II";"Suíça"
"nyonnais_sui";"FC Stade Nyonnais";"Suíça"
"stadelausane_sui";"FC Stade-Lausanne-Ouchy";"Suíça"
"thun_sui";"FC Thun";"Suíça"
"fctokyo_jap";"FC Tokyo";"Japão"
"twente_hol";"FC Twente";"Holanda"
"utrecht_hol";"FC Utrecht";"Holanda"
"wil_sui";"FC Wil 1900";"Suíça"
"winterthur_sui";"FC Winterthur";"Suíça"
"zurique_sui";"FC Zürich";"Suíça"
"levadia_est";"FCI Levadia";"EST"
"molvidi_hun";"Fehérvár";"HUN"
"feirense_por";"Feirense";"Portugal"
"felgueiras_por";"Felgueiras";"Portugal"
"fenerbahce_tur";"Fenerbahçe";"Turquia"
"Fenix_arg";"Fenix";"Argentina"
"fenix_uru";"Fénix";"Uruguai"
"feralpisalo_ita";"FeralpiSalò";"Itália"
"ferencvaros_hun";"Ferencvárosi";"HUN"
"fernandezvial_chi";"Fernández Vial";"Chile"
"fernando_par";"Fernando de la Mora";"Paraguai"
"ferrocarril_arg";"Ferro Carril";"Argentina"
"FerroCarrilOeste_arg";"Ferro Carril Oeste GP";"Argentina"
"FerrocarrilMidland_arg";"Ferrocarril Midland";"Argentina"
"ferroviaria_sp";"Ferroviária";"Brasil"
"ferroviarioce_bra";"Ferroviário";"Brasil"
"Fethiyespor_tur";"Fethiyespor";"Turquia"
"feynoord_hol";"Feyenoord";"Holanda"
"Hafnarfjordur_isl";"FH Hafnarfjördur";"ISL"
"fidelis_ita";"Fidelis Andria";"Itália"
"figueirense";"Figueirense";"Brasil"
"fiorentina_ita";"Fiorentina";"Itália"
"linares_chi";"Fiscal de Linares";"Chile"
"fk1625liepaja_let";"FK 1625 Liepâja";"Letônia"
"fkauda_let";"FK Auda";"Letônia"
"fkbanga_lit";"FK Banga";"Lituânia"
"fkgrobina_let";"FK Grobiņa";"Letônia"
"jablonec_tch";"FK Jablonec";"TCH"
"fkjelgava_let";"FK Jelgava";"Letônia"
"fkkukesi_alb";"FK Kukësi";"ALB"
"fkogreunited_let";"FK Ogre United";"Letônia"
"fkpanevezys_lit";"FK Panevėžys";"Lituânia"
"rfs_let";"FK RFS";"LET"
"fktransinvest_lit";"FK TransINVEST";"Lituânia"
"fktukums2000_let";"FK Tukums 2000";"Letônia"
"fkvojvodina_ser";"FK Vojvodina";"Sérvia"
"fkvozdovac_ser";"FK Vozdovac ll";"Sérvia"
"fkzalgiris_lit";"FK Žalgiris";"Lituânia"
"flarj";"Flamengo";"Brasil"
"flamengopi_bra";"Flamengo PI";"Brasil"
"flandria_arg";"Flandria";"Argentina"
"fleetwood_ing";"Fleetwood Town";"Inglaterra"
"Fleury91_fra";"Fleury";"França"
"flintcitybucks_eua";"Flint City Bucks";"EUA"
"floratallinn_est";"Flora Tallinn";"EST"
"florestace";"Floresta";"Brasil"
"floriana_mta";"Floriana";"MTA"
"floridaelite_eua";"Florida Elite SA";"EUA"
"floridsdorfer_aut";"Floridsdorfer AC";"Áustria"
"flurj";"Fluminense";"Brasil"
"fluminenseba_bra";"Fluminense de Feira";"Brasil"
"fluminensepi_bra";"Fluminense-PI";"Brasil"
"foggia_ita";"Foggia";"Itália"
"Fola_Lux";"Fola Esch";"LUX"
"foolad_ira";"Foolad ";"IRA"
"footballclubsuuroy_ilh";"Football Club Suðuroy";"Ilhas Faroé"
"forcaeluzal_bra";"Força e Luz";"Brasil"
"fgr_ing";"Forest Green Rovers";"Inglaterra"
"forestrangers_zam";"Forest Rangers";"ZAM"
"forfarathletic_esc";"Forfar Athletic";"Escócia"
"forge_can";"Forge";"CAN"
"forli_ita";"Forlì";"Itália"
"strikers_eua";"Fort Lauderdale Strikers";"EUA"
"fortaleza";"Fortaleza";"Brasil"
"fortaleza_col";"Fortaleza CEIF";"Colômbia"
"fortefc";"Forte Fc";"Brasil"
"fortuna_ale";"Fortuna Düsseldorf";"Alemanha"
"FortunaKoln_ale";"Fortuna Köln";"Alemanha"
"fortuna_hol";"Fortuna Sittard";"Holanda"
"forward433_eua";"Forward Madison";"EUA"
"fozdoiguacu_pr";"Foz do Iguaçu";"Brasil"
"lorca_esp";"Francisco Carrasco";"Espanha"
"leobendorf_aut";"Franz Haas Stadion";"Áustria"
"freamunde_por";"Freamunde";"Portugal"
"freedom_blz";"Freedom";"BLZ"
"FrejusSaint-Raphael_fra";"Frejus Saint-Raphael";"França"
"frem_din";"Frem";"Dinamarca"
"friburguense_bra";"Friburguense";"Brasil"
"frosinone_ita";"Frosinone";"Itália"
"Frankfurt_ale";"FSV Frankfurt";"Alemanha"
"fuenlabrada_esp";"Fuenlabrada";"Espanha"
"fuerzaamarilla_equ";"Fuerza Amarilla";"Equador"
"fulgencio_par";"Fulgencio Yegros";"Paraguai"
"fulham";"Fulham";"FULHAM"
"fusrabat_mar";"FUS Rabat";"Marrocos"
"lafnitz_aut";"Fußballarena Lafnitz";"Áustria"
"fylde_ing";"Fylde";"Inglaterra"
"gabala_azb";"Gabala";"AZB"
"gafanha_por";"Gafanha";"Portugal"
"gafetense_por";"Gafetense";"Portugal"
"gais_sue";"GAIS Göteborg";"Suécia"
"gaitcha_nca";"Gaïtcha";"NCA"
"galatasaray_tur";"Galatasaray ";"Turquia"
"galaxy_van";"Galaxy";"VAN"
"galicia_ba";"Galícia";"Brasil"
"galomaringa_pr";"Galo Maringá";"Brasil"
"galvez_bra";"Galvez";"Brasil"
"gama_df_bra";"Gama";"Brasil"
"gambaosaka_jap";"Gamba Osaka";"Japão"
"gangwon_cor";"Gangwon";"COR"
"connahsquay_wal";"Gap Connah's Quay";"WAL"
"Garching_ale";"Garching";"Alemanha"
"garejisagarejo_ge";"Gareji Sagarejo";"Geórgia"
"gas_rr";"GAS";"Brasil"
"gasparin_chi";"Gasparín";"Chile"
"gateshead_ing";"Gateshead";"Inglaterra"
"gfcajaccio_fr";"Gazélec Ajaccio";"FR"
"Gazianter_tur";"Gaziantep";"Turquia"
"gazinantepspor_tur";"Gaziantepspor";"Turquia"
"gelios_ucr";"Gelios Kharkiv";"Ucrânia"
"generalcaballero_par";"General Caballero Asunción";"Paraguai"
"generaljlm_par";"General Caballero JLM";"Paraguai"
"generaldiaz_par";"General Díaz";"Paraguai"
"GeneralLamadrid_arg";"General Lamadrid";"Argentina"
"generalvelasquez_chi";"General Velásquez";"Chile"
"generation_sen";"Génération Foot";"SEN"
"genk_bel";"Genk";"Bélgica"
"genoa_it";"Genoa";"IT"
"genus_bra";"Genus";"Brasil"
"Lleidaesportiu_esp";"Gerard Albadalejo";"Espanha"
"GermaniaEgestorf_ale";"Germania Egestorf";"Alemanha"
"GerminalDeRawson_arg";"Germinal Rawson";"Argentina"
"getafe_esp";"Getafe";"Espanha"
"gianaerminio_ita";"Giana Erminio";"Itália"
"gif_sue";"GIF Sundsvall";"Suécia"
"gilvicente_por";"Gil Vicente";"Portugal"
"gillingham_ing";"Gillingham";"Inglaterra"
"GimnasiEsgrima_arg";"Gimnasia Concepción";"Argentina"
"GimnasiaYEsgrima_arg";"Gimnasia de Jujuy";"Argentina"
"gimnasialp_arg";"Gimnasia de La Plata";"Argentina"
"gimnasiamendoza_arg";"Gimnasia de Mendoza";"Argentina"
"GimnasiaTiroDeSalta_arg";"Gimnasia y Tiro";"Argentina"
"gimnastic_esp";"Gimnástic";"Espanha"
"ginasioalcobaca_por";"Ginásio Alcobaça";"Portugal"
"Giresunspor_tur";"Giresunspor";"Turquia"
"hirnyk_ucr";"Girnyk Sport";"Ucrânia"
"girona_esp";"Girona";"Espanha"
"gjilani_kos";"Gjilani";"KOS"
"Glentoran_irn";"Glentoran";"IRN"
"globo_fc";"Globo FC";"Brasil"
"dinamo2_hrv";"GNK Dinamo Zagreb II";"HRV"
"goaheadeagles_hol";"Go Ahead Eagles";"Holanda"
"godoycruz_ar";"Godoy Cruz";"AR"
"goianesiago_bra";"Goianésia";"Brasil"
"goias";"Goiás";"Brasil"
"goiatubago_bra";"Goiatuba";"Brasil"
"golgohar_iri";"Gol Gohar";"IRI"
"Golcukspor_tur";"Golcukspor";"Turquia"
"goldenstate_eua";"Golden State Force";"EUA"
"gondomar_por";"Gondomar";"Portugal"
"zabrze_pl";"Górnik Zabrze";"PL"
"cdgouveia_por";"Gouveia";"Portugal"
"goztepe_tur";"Göztepe";"Turquia"
"graficar_srb";"Grafičar";"Sérvia"
"granada_esp";"Granada";"Espanha"
"granadab_esp";"Granada II";"Espanha"
"Granvillaise_fra";"Granvillaise";"França"
"Grasse_fra";"Grasse";"França"
"grasshoppers_sui";"Grasshopper Club Zurich";"Suíça"
"GrasshopperII_sui";"Grasshoppers II";"Suíça"
"grazer_aut";"Grazer AK 1902";"Áustria"
"morton_esc";"Greenock Morton";"Escócia"
"greenville433_eua";"Greenville";"EUA"
"gremio";"Grêmio";"Brasil"
"gremioanapolisgo_bra";"Grêmio Anápolis";"Brasil"
"novorinzontino_sp";"Grêmio Novorizontino";"Brasil"
"grenoble_fra";"Grenoble";"França"
"greuther_ale";"Greuther Fürth";"Alemanha"
"GreutherFurthII_ale";"Greuther Fürth II ";"Alemanha"
"grimsby_ing";"Grimsby Town";"Inglaterra"
"GroningenII_hol";"Groningen II";"Holanda"
"guairena_par";"Guaireña";"Paraguai"
"gualaceo_equ";"Gualaceo";"Equador"
"meizhoutechand_chn";"Guangdong Southern";"CHN"
"guangzhou_chn";"Guangzhou";"CHN"
"guangzhourf_chn";"Guangzhou R&F";"CHN"
"guapore_bra";"Guaporé";"Brasil"
"guarai_to";"Guaraí";"Brasil"
"guaranisp_bra";"Guarani";"Brasil"
"guarani_par";"Guarani";"Paraguai"
"GuaraniAntonioFranco_arg";"Guarani Antonio Franco";"Argentina"
"guaranimg_bra";"Guarani MG";"Brasil"
"guaranyrs_bra";"Guarany Bagé";"Brasil"
"guarany_se";"Guarany-SE";"Brasil"
"guayaquilcity_equ";"Guayaquil City ll";"Equador"
"gubbio_it";"Gubbio";"IT"
"AtleticoGuemes_arg";"Güemes";"Argentina"
"guijuelo_esp";"Guijuelo";"Espanha"
"guillermobrown_arg";"Guilhermo Brown";"Argentina"
"guingamp_fr";"Guingamp";"FR"
"guiseley_ing";"Guiseley";"Inglaterra"
"guizhou_chn";"Guizhou Hengfeng";"CHN"
"gullegem_bel";"Gullegem";"Bélgica"
"Gumushanespor_tur";"Gumushanespor";"Turquia"
"gurupi_bra";"Gurupi";"Brasil"
"limache_chi";"Gustavo Ocaranza";"Chile"
"sanjose_bol";"GV San José";"Bolívia"
"GVVV_hol";"GVVV";"Holanda"
"hanoi_vie";"Ha Noi FC";"VIE"
"Hacettepe_tur";"Hacettepespor";"Turquia"
"hades_bel";"Hades";"Bélgica"
"hailstorm433_eua";"Hailstorm FC";"EUA"
"HainanBoying_chn";"Hainan Boying";"CHN"
"hajduk_cro";"Hajduk Split";"Croácia"
"hajer_ara";"Hajer Club";"ARA"
"HalideEdipAdivar_tur";"Halide Edip Adıvar";"Turquia"
"halifax_ing";"Halifax Town";"Inglaterra"
"Hallesche_ale";"Hallescher";"Alemanha"
"halmstads_sue";"Halmstads BK";"Suécia"
"hamkam_nor";"Hamarkameratene";"Noruega"
"HamburgoII_ale";"Hamburgo II";"Alemanha"
"hamburgo_ale";"Hamburgo SV";"Alemanha"
"hamilton_esc";"Hamilton";"Escócia"
"hamilton_nze";"Hamilton Wanderers";"NZE"
"hammarby_sue";"Hammarby IF";"Suécia"
"hamoir_bel";"Hamoir";"Bélgica"
"queenspark_esc";"Hampden Park";"Escócia"
"hannover96_ale";"Hannover 96";"Alemanha"
"HannoverII_ale";"Hannover 96 II ";"Alemanha"
"HansaLuneburger_ale";"Hansa Luneburger";"Alemanha"
"hansarostock_ale";"Hansa Rostock";"Alemanha"
"hapoelbeersheva_isr";"Hapoel Be'er Sheva";"ISR"
"kiryat-shmona_isr";"Hapoel Irony Kiryat-Shmona";"ISR"
"hapoeltelaviv_isr";"Hapoel Tel Aviv";"ISR"
"harelbeke_bel";"Harelbeke";"Bélgica"
"harjujklaagri_est";"Harju JK Laagri";"Estônia"
"HarkemaseBoys_hol";"Harkemase Boys";"Holanda"
"harrogate_ing";"Harrogate Town";"Inglaterra"
"tsvhartberg_aut";"Hartberg";"Áustria"
"hartford433_eua";"Hartford";"EUA"
"hartlepool_ing";"Hartlepool United";"Inglaterra"
"hask_cro";"HAŠK";"Croácia"
"Hassania";"Hassania d'Agadir";"HASSANIA"
"Hatayspor_tur";"Hatayspor";"Turquia"
"haugesund_nor";"Haugesund";"Noruega"
"havant_ing";"Havant & Waterlooville";"Inglaterra"
"Havelse_ale";"Havelse";"Alemanha"
"havnarboltfelag_ilh";"Havnar Bóltfelag";"Ilhas Faroé"
"haynesville_brb";"Haynesville United FC";"BRB"
"hbtorshavn_fro";"HB Tórshavn";"FRO"
"HBS_hol";"HBS Craeyenhout";"Holanda"
"hearts_esc";"Heart of Midlothian";"Escócia"
"hearts_gha";"Hearts of Oak";"GHA"
"hebei_chn";"Hebei China Fortune";"CHN"
"HebeiElite_chn";"Hebei Elite";"CHN"
"heerenveen_hol";"Heerenveen";"Holanda"
"heidenheim_ale";"Heidenheim";"Alemanha"
"heilongjiang_chn";"Heilongjiang Lava Spring";"CHN"
"heist_bel";"Heist";"Bélgica"
"fchelios_ucr";"Helios Kharkiv";"Ucrânia"
"verona_ita";"Hellas Verona";"Itália"
"hellerup_din";"Hellerup";"Dinamarca"
"helmond_hol";"Helmond Sport";"Holanda"
"helsingborg_sue";"Helsingborg IF";"Suécia"
"hifk_fin";"Helsingfors IFK";"FIN"
"henanfc_chi";"Henan FC";"China"
"henanjianye_chn";"Henan Jianye";"CHN"
"heracles_hol";"Heracles Almelo";"Holanda"
"hercilioluzsc_bra";"Hercílio Luz";"Brasil"
"hercules_esp";"Hércules";"Espanha"
"lierse_bel";"Herman Vanderpoortenstadion";"Bélgica"
"hermanoscolmenarez_ven";"Hermanos Colmenarez";"Venezuela"
"herthaberlim_ale";"Hertha Berlin";"Alemanha"
"HerthaII_ale";"Hertha Berlin II";"Alemanha"
"herthawels_aut";"Hertha Wels";"Áustria"
"HessenKassel_ale";"Hessen Kassel";"Alemanha"
"HHC_hol";"HHC Hardenberg";"Holanda"
"hibernian_esc";"Hibernian";"Escócia"
"hibernians_mta";"Hibernians";"MTA"
"hienghene_nca";"Hienghene Sport";"NCA"
"helsinki_fin";"HJK Helsinki";"FIN"
"gorica_cro";"HNK Gorica";"Croácia"
"hajduk2_hrv";"HNK Hajduk Split II";"HRV"
"rijeka_cro";"HNK Rijeka";"Croácia"
"Sibenik_cro";"HNK Sibenik";"Croácia"
"hobro_din";"Hobro IK";"Dinamarca"
"hoffebheim_ale";"Hoffenheim";"Alemanha"
"HoffenheimII_ale";"Hoffenheim II ";"Alemanha"
"hohenems_aut";"Hohenems";"Áustria"
"holsteinkiel_ale";"Holstein Kiel";"Alemanha"
"HomburgSaar_ale";"Homburg Saar";"Alemanha"
"honka_fin";"Honka";"FIN"
"hoogstraten_bel";"Hoogstraten";"Bélgica"
"horizonte_ce";"Horizonte";"Brasil"
"horoya_gui";"Horoya";"GUI"
"houstondynamo433_eua";"Houston Dynamo";"EUA"
"huachipato_chi";"Huachipato";"Chile"
"huddersfield_ing";"Huddersfield Town";"Inglaterra"
"recreativohuelva_esp";"Huelva";"Espanha"
"huesca_esp";"Huesca";"Espanha"
"hullcity_ing";"Hull City";"Inglaterra"
"humaita";"Humaitá";"Brasil"
"HunanBillows_chn";"Hunan Billows";"CHN"
"huracan_arg";"Huracán";"Argentina"
"huracan_uru";"Huracan Montevideo";"Uruguai"
"Hyeres_fra";"Hyeres";"França"
"iape_ma";"IAPE";"Brasil"
"iberia_chi";"Iberia";"Chile"
"icasa_bra";"Icasa";"Brasil"
"elfsborg_sue";"IF Elfsborg";"Suécia"
"gotenborg_sue";"IFK Göteborg";"Suécia"
"norrkoping_sue";"IFK Norrköping";"Suécia"
"igaci_al";"Igaci";"Brasil"
"laecity_pap";"Ignatius Kilage";"PAP"
"lafiorita_smr";"Igor Crescentini";"SMR"
"iguatu_ce";"Iguatu";"Brasil"
"IJsselmeervogels_hol";"IJsselmeervogels";"Holanda"
"brage_sue";"IK Brage";"Suécia"
"frej_sue";"IK Frej";"Suécia"
"sirius_sue";"IK Sirius";"Suécia"
"Illertissen_ale";"Illertissen";"Alemanha"
"ilves_fin";"Ilves Tampere";"FIN"
"imolese_ita";"Imolese";"Itália"
"imperatriz_ma";"Imperatriz";"Brasil"
"indepmedellin_col";"Indep. Medellín";"Colômbia"
"tigers_zam";"Independence Stadium";"ZAM"
"independencia_bra";"Independência-AC";"Brasil"
"independente_ap";"Independente-AP ";"Brasil"
"independiente_arg";"Independiente";"Argentina"
"township_bot";"Independiente";"BOT"
"independiente_chi";"Independiente Cauquenes";"Chile"
"IndependienteDeChivilcoy_arg";"Independiente Chivilcoy";"Argentina"
"independiente_equ";"Independiente del Valle";"Equador"
"independientejnrs_equ";"Independiente Juniors";"Equador"
"indmirafloresba_per";"Independiente Miraflores";"Peru"
"IndependienteDeNeuquen_arg";"Independiente Neuquen";"Argentina"
"indeppetro_bol";"Independiente Petrolero ";"Bolívia"
"Independienteridavia_arg";"Independiente Rivadavia";"Argentina"
"indija_srb";"Inđija";"Sérvia"
"avilesindustrial_bol";"Industrial Avilés";"Bolívia"
"indyeleven433_eua";"Indy Eleven";"EUA"
"Inegolspor_tur";"İnegolspor";"Turquia"
"ingolstadt_ale";"Ingolstadt 04";"Alemanha"
"IngolstadtII_ale";"Ingolstadt 04 II";"Alemanha"
"inhulets_ucr";"Ingulets Petrove";"Ucrânia"
"inhumasgo_bra";"Inhumas";"Brasil"
"neimongol_chn";"Inner Mongolia Zhongyou";"CHN"
"Instituto_arg";"Instituto";"Argentina"
"inter_and";"Inter d'Escaldes";"AND"
"interlimeira";"Inter de Limeira";"Brasil"
"inter_it";"Inter de Milão";"IT"
"intersm_rs";"Inter de Santa Maria";"Brasil"
"intermiami433_eua";"Inter Miami";"EUA"
"interturku_fin";"Inter Turku";"FIN"
"interzapresic_cro";"Inter Zapresic";"Croácia"
"internacional_bra";"Internacional";"Brasil"
"inverness_esc";"Inverness";"Escócia"
"ionikos_gre";"Ionikos Nikeas";"Grécia"
"ipatinga_bra";"Ipatinga";"Brasil"
"ipitanga_bra";"Ipitanga";"Brasil"
"iporago_bra";"Iporá";"Brasil"
"ipswichtown_ing";"Ipswich Town";"Inglaterra"
"iraty_bra";"Iraty";"Brasil"
"CroixFootbaallIC_fra";"Iris de Croix";"França"
"irtysh_rus";"Irtysh";"Rússia"
"isidrometapan_els";"Isidro Metapán";"ELS"
"iskra_mon";"Iskra Danilovgrad";"MON"
"isloch_bie";"Isloch Minskiy";"BIE"
"QATARSC";"Ismaïl Geiger";"QATARSC"
"ismaily_egi";"Ismaily";"Egito"
"basaksehir_tur";"İstanbul Başakşehir ";"Turquia"
"Istanbulspor_tur";"İstanbulspor AS";"Turquia"
"istiklol_taj";"Istiklol";"TAJ"
"itabaiana_se";"Itabaiana";"Brasil"
"itabirito_mg";"Itabirito ";"Brasil"
"itabunaba_bra";"Itabuna";"Brasil"
"Itacoatiara_am";"Itacoatiara FC";"Brasil"
"ituano_sp";"Ituano";"Brasil"
"ivinhema_ms";"Ivinhema";"Brasil"
"izegem_bel";"Izegem";"Bélgica"
"jacyobaal_bra";"Jaciobá";"Brasil"
"jacksonville_eua";"Jacksonville Armada";"EUA"
"jacuipense_bra";"Jacuipense";"Brasil"
"jaguar_pe";"Jaguar";"Brasil"
"jaguare_bra";"Jaguaré";"Brasil"
"jaguares_col";"Jaguares";"Colômbia"
"jahnregensburg_ger";"Jahn Regensburg";"GER"
"jamshedpur_ind";"Jamshedpur";"IND"
"jarabacoafc_rdo";"Jarabacoa";"RDO"
"jataiense_go";"Jataiense";"Brasil"
"javorivanjica_srb";"Javor Ivanjica";"Sérvia"
"jeddah_ara";"Jeddah Club";"ARA"
"jeonbuk_cor";"Jeonbuk";"COR"
"jequie_ba";"Jequié";"Brasil"
"lahabana_cub";"Jesus Tosca";"CUB"
"jiparana_bra";"Ji-Paraná";"Brasil"
"jiangsu_chn";"Jiangsu Suning";"CHN"
"JiangsuYanchengDingli_chn";"Jiangsu Yancheng Dingli";"CHN"
"JiangxiLiansheng_chn";"Jiangxi Liansheng";"CHN"
"JilinBaijia_chn";"Jilin Baijia";"CHN"
"JJUrquiza_arg";"JJ Urquiza";"Argentina"
"jknarvatrans_est";"JK Narva Trans";"Estônia"
"jktammekatartu_est";"JK Tammeka Tartu";"Estônia"
"johordarul_mal";"Johor Darul";"MAL"
"joinville";"Joinville";"Brasil"
"jonkopings_sue";"Jönköpings Södra IF";"Suécia"
"jorgewil_bol";"Jorge Wilstermann";"Bolívia"
"gsloures_por";"José da Silva Faria ";"Portugal"
"josegalvez_per";"José Gálvez";"Peru"
"jskabylie_arg";"JS Kabylie";"Argentina"
"jssaoura_arl";"JS Saoura";"ARL"
"juanaurich_per";"Juan Aurich";"Peru"
"juazeirense_ba";"Juazeirense";"Brasil"
"jumilla_ba_esp";"Jumilla";"Espanha"
"QingdaoJonoon_chn";"Jun Liu";"CHN"
"junior_col";"Junior Barranquilla";"Colômbia"
"juniorsoo_aut";"Juniors OÖ";"Áustria"
"JuraSudFoot_fra";"Jura Sud Foot";"França"
"juvestabia_it";"Juve Stabia";"IT"
"JuventudAntoniana_arg";"Juventud Antoniana";"Argentina"
"juventud_uru";"Juventud Las Piedras";"Uruguai"
"JuventudDePergamino_arg";"Juventud Pergamino";"Argentina"
"juventudunida_arg";"Juventud Unida";"Argentina"
"JuventudUnidasanmiguel_arg";"Juventud Unida San Miguel";"Argentina"
"JuventudUnidaUnivers_arg";"Juventud Unida Universitario";"Argentina"
"juventude";"Juventude";"Brasil"
"juventudema_bra";"Juventude-MA";"Brasil"
"juventus_it";"Juventus";"IT"
"juventus_sp";"Juventus - SP";"Brasil"
"juventussc_bra";"Juventus Jaraguá";"Brasil"
"JVCCuijk_hol";"JVC Cuijk";"Holanda"
"gent_bel";"KAA Gent";"Bélgica"
"kabel_srb";"Kabel Novi Sad";"Sérvia"
"Kahramanmarasspor_tur";"Kahramanmarasspor";"Turquia"
"kairat_caz";"Kairat Almaty";"CAZ"
"kaiserslautern_ale";"Kaiserslautern";"Alemanha"
"KaiserlauternII_ale";"Kaiserslautern II ";"Alemanha"
"kaiserchiefs_afs";"Kaizer Chiefs";"AFS"
"kalju_est";"Kalju";"EST"
"kalmar_sue";"Kalmar FF";"Suécia"
"kalsdorf_aut";"Kalsdorf";"Áustria"
"kaluga_rus";"Kaluga";"Rússia"
"kamaz_rus";"KamAZ";"Rússia"
"kampala_uga";"Kampala City";"UGA"
"kapfenberg_aut";"Kapfenberg";"Áustria"
"karabukspor_tur";"Karabükspor";"Turquia"
"KaracabeyBirlkspor_tur";"Karacabey Birlkspor";"Turquia"
"karaiskakis_gre";"Karaiskakis";"Grécia"
"KarakopruBelediyesi_tur";"Karakopru Belediyesi";"Turquia"
"karelia_rus";"Karelia";"Rússia"
"karlsruher_ale";"Karlsruher SC";"Alemanha"
"karpaty_ucr";"Karpaty";"Ucrânia"
"Karsiyaka_tur";"Karsiyaka";"Turquia"
"eupen_bel";"KAS Eupen";"Bélgica"
"kashimaantlers_jap";"Kashima Antlers";"Japão"
"kasimpasa_tur";"Kasımpaşa ";"Turquia"
"Kastamonuspor_tur";"Kastamonuspor";"Turquia"
"kauno_lit";"Kauno Zalgiris";"LIT"
"kawasakifrontale_jap";"Kawasaki Frontale";"Japão"
"kaisar_caz";"Kaysar Kyzylorda";"CAZ"
"KayseriErciyesspor_tur";"Kayseri Erciyesspor";"Turquia"
"kayserispor_tur";"Kayserispor";"Turquia"
"kazanka_rus";"Kazanka Moscou";"Rússia"
"keciorengucu_tur";"Keçiörengücü";"Turquia"
"Kemerspor2003_tur";"Kemerspor";"Turquia"
"keshla_azb";"Keshla";"AZB"
"kflaci_alb";"KF Laçi";"ALB"
"kfteuta_alb";"KF Teuta Durrës";"ALB"
"kftirana_alb";"KF Tirana";"ALB"
"kfum_nor";"KFUM Oslo";"Noruega"
"khaleejsirte_lib";"Khaleej Sirte";"LIB"
"khimikkoryazhma_rus";"Khimik Koryazhma";"Rússia"
"khimiknovomoskovsk_rus";"Khimik-Arsenal Tula";"Rússia"
"khimikaugust_rus";"Khimik-August";"Rússia"
"khimki_rus";"Khimki";"Rússia"
"khimki2_rus";"Khimki II";"Rússia"
"KickersOffenbacher_ale";"Kickers Offenbacher";"Alemanha"
"kitchee_hkg";"Kitchee";"HKG"
"kitzbuhel_aut";"Kitzbühel";"Áustria"
"Kirikhanspor_tur";"Kırıkhanspor";"Turquia"
"Kirklarelispor_tur";"Kırklarelispor";"Turquia"
"Kizilcabolukspor_tur";"Kızılcabolukspor";"Turquia"
"klaksvik_fro";"Klaksvík";"FRO"
"knoxville433_eua";"Knoxville";"EUA"
"KocaeliBirlikspor_tur";"Kocaeli Birlikspor";"Turquia"
"Kocaelispor_tur";"Kocaelispor";"Turquia"
"kolkheti1913poti_ge";"Kolkheti-1913 Poti";"Geórgia"
"fckoln_ale";"Köln";"Alemanha"
"KolnII_ale";"Köln II";"Alemanha"
"kolomna_rus";"Kolomna";"Rússia"
"kolos_ucr";"Kolos Kovalivka";"Ucrânia"
"kolubara_srb";"Kolubara Lazarevac";"Sérvia"
"KoninklijkeHFC_hol";"Koninklijke HFC";"Holanda"
"konyaspor_tur";"Konyaspor Kulübü";"Turquia"
"kortrijk_bel";"Kortrijk";"Bélgica"
"KozakkenBoys_hol";"Kozakken Boys";"Holanda"
"KozanBelediyespor_tur";"Kozan Belediyespor";"Turquia"
"krreykjavic_isl";"KR Reykjavík";"ISL"
"Lienden_hol";"Kraay";"Holanda"
"krasniysgafkst_rus";"Krasniy-SGAFKST";"Rússia"
"krasnodar_rus";"Krasnodar";"Rússia"
"kremin_ucr";"Kremin";"Ucrânia"
"kristiansund_nor";"Kristiansund";"Noruega"
"krylyasovetov_rus";"Krylya Sovetov";"Rússia"
"kryliasovetov2_rus";"Krylya Sovetov II";"Rússia"
"krystal_ucr";"Krystal";"Ucrânia"
"ksburreli_alb";"KS Burreli";"ALB"
"kuban2_rus";"Kuban Krasnodar II";"Rússia"
"kubanholding_rus";"Kuban Pavlovskaya";"Rússia"
"kufstein_aut";"Kufstein";"Áustria"
"kups_fin";"Kuopion Palloseura";"FIN"
"kustosija_cro";"Kustosija Zagreb";"Croácia"
"kvmechelen_bel";"KV Mechelen";"Bélgica"
"kvant_rus";"Kvant Obninsk";"Rússia"
"kvv_bel";"KVV Thes Sport";"Bélgica"
"lagalaxy433_eua";"LA Galaxy";"EUA"
"lalouviere_bel";"La Louvière";"Bélgica"
"lagarto_se";"Lagarto";"Brasil"
"lagunarn";"Laguna";"Brasil"
"lanus_arg";"Lanús";"Argentina"
"laspalmas_esp";"Las Palmas";"Espanha"
"lasvegas433_eua";"Las Vegas Lights";"EUA"
"lask_aut";"LASK";"Áustria"
"latina_ita";"Latina";"Itália"
"lazio_it";"Lazio";"IT"
"ldu_equ";"LDU Quito";"Equador"
"lehavre_fr";"Le Havre";"FR"
"lemans_fra";"Le Mans";"França"
"LePuyFootball43Auvergne_fra";"Le Puy Foot 43";"França"
"lecce_ita";"Lecce";"Itália"
"leedsunited_ing";"Leeds United";"Inglaterra"
"leganes_esp";"Leganés";"Espanha"
"leicestercity_ing";"Leicester City";"Inglaterra"
"leixoes_por";"Leixões";"Portugal"
"leningradets_rus";"Leningradets";"Rússia"
"lens_fr";"Lens";"FR"
"leon_per";"León de Huánuco";"Peru"
"levadiakos_gre";"Levadiakos";"Grécia"
"levante_esp";"Levante";"Espanha"
"levskisofia_bul";"Levski Sofia";"BUL"
"leyton_ing";"Leyton Orient";"Inglaterra"
"liaoningtieren_chi";"Liaoning Tieren";"China"
"libertad_par";"libertad_par";"Paraguai"
"LilleIl_fra";"Lille II";"França"
"lille_fra";"Lille Olympique Sporting Club";"França"
"linense_sp";"Linense";"Brasil"
"linhareses_bra";"Linhares";"Brasil"
"liverpool_ing";"Liverpool Football Club";"Inglaterra"
"liverpool_uru";"Liverpool Montevideo";"Uruguai"
"livingston_esc";"Livingston";"Escócia"
"livorno_it";"Livorno";"IT"
"londrina_pr";"Londrina";"Brasil"
"lorient_fr";"Lorient";"FR"
"losandes_arg";"Los Andes";"Argentina"
"lafc433_eua";"Los Angeles FC";"EUA"
"louisville433_eua";"Louisville City";"EUA"
"lucchese_ita";"Lucchese";"Itália"
"lumezzane_ita";"Lumezzane";"Itália"
"LupoMartini_ale";"Lupo-Martini Wolfsburg";"Alemanha"
"lusitania_por";"Lusitânia";"Portugal"
"lusitaniaacores_por";"Lusitânia dos Açores";"Portugal"
"luton_ing";"Luton Town";"Inglaterra"
"luverdensemt_bra";"Luverdense";"Brasil"
"luziania_bra";"Luziânia";"Brasil"
"lyonduchere_fra";"Lyon-Duchère";"França"
"macaerj_bra";"Macaé";"Brasil"
"macapa_ap";"Macapá";"Brasil"
"macara_equ";"Macará";"Equador"
"maccabihaifa_isr";"Maccabi Haifa";"ISR"
"maccabinetanya_isr";"Maccabi Netanya";"ISR"
"MaccaiTel_isr";"Maccabi Tel Aviv";"ISR"
"macclesfield_ing";"Macclesfield Town";"Inglaterra"
"maceratese_ita";"Maceratese";"Itália"
"macvasabac_srb";"Mačva Šabac";"Sérvia"
"madureira_bra";"Madureira";"Brasil"
"mafra_por";"Mafra";"Portugal"
"magallanes_chi";"Magallanes";"Chile"
"magdeburg_ale";"Magdeburg";"Alemanha"
"maguary_pe";"Maguary-PE";"Brasil"
"maidenhead_ing";"Maidenhead United";"Inglaterra"
"maidstone_ing";"Maidstone";"Inglaterra"
"fsvmainz_ale";"Mainz 05";"Alemanha"
"MainzII_ale";"Mainz 05 II ";"Alemanha"
"malaga_esp";"Málaga";"Espanha"
"LeandroNiceforo_arg";"Maldonado";"Argentina"
"malleco_chi";"Malleco Unido Joven";"Chile"
"mallorca_esp";"Mallorca";"Espanha"
"mallorcab_esp";"Mallorca II";"Espanha"
"malmo_sue";"Malmö FF";"Suécia"
"mamelodisundows_afs";"Mamelodi Sundowns";"AFS"
"managua_nic";"Managua FC";"NIC"
"manauara_br";"Manauara";"Brasil"
"manaus_bra";"Manaus";"Brasil"
"machestercity_ing";"Manchester City";"Inglaterra"
"machester_ing";"Manchester United";"Inglaterra"
"manhattan_eua";"Manhattan";"EUA"
"ManisaBBSK_tur";"Manisa BBSK";"Turquia"
"manisa_tur";"Manisa FK";"Turquia"
"Manisaspor_tur";"Manisaspor";"Turquia"
"mansfield_ing";"Mansfield Town";"Inglaterra"
"manta_equ";"Manta";"Equador"
"Mantois78_fra";"Mantois";"França"
"mantova_ita";"Mantova ";"Itália"
"llaneros_col";"Manuel Calle Lombana";"Colômbia"
"maracana_ce";"Maracanã";"Brasil"
"maranguape_ce";"Maranguape";"Brasil"
"mannsdorf_aut";"Marchfeld Donauauen";"Áustria"
"marciliodiassc_bra";"Marcílio Dias";"Brasil"
"marco09_por";"Marco 09";"Portugal"
"maribor_esl";"Maribor";"ESL"
"marica_rj";"Maricá";"Brasil"
"MarignameGignac_fra";"Marigname Gignac";"França"
"marilia_sp";"Marília";"Brasil"
"maringapr";"Maringá";"Brasil"
"maritimo_por";"Marítimo";"Portugal"
"maritimob_por";"Marítimo II";"Portugal"
"mariupol_ucr";"Mariupol";"Ucrânia"
"lokomotiv_rus";"Marko Nikolic";"Rússia"
"Martigues_fra";"Martigues";"França"
"martinledesma_par";"Martín Ledesma";"Paraguai"
"maghrebfes_mar";"MAS Fès ";"Marrocos"
"mashukkmv_rus";"Mashuk-KMV";"Rússia"
"lesherbiers_fra";"Massabielle";"França"
"matera_ita";"Matera Calcio";"Itália"
"mattersburg_aut";"Mattersburg";"Áustria"
"mauerwerk_aut";"Mauerwerk";"Áustria"
"LorientII_fra";"Mazikou";"França"
"mcalger_arl";"MC Algiers";"ARL"
"medjimurje_cro";"Medjimurje";"Croácia"
"meizhouhakka_chn";"Meizhou Hakka";"CHN"
"mekelle_eti";"Mekelle 70";"ETI"
"melbournecityfc_aus";"Melbourne City";"Austrália"
"melbournevictory_aus";"Melbourne Victory";"Austrália"
"melfi_ita";"Melfi";"Itália"
"melgar_per";"Melgar";"Peru"
"Melilla_esp";"Melilla";"Espanha"
"Memmingen_ale";"Memmingen";"Alemanha"
"memphis433_eua";"Memphis 901";"EUA"
"Menemenspor";"Menemenspor";"MENEMENSPOR"
"Meppen1912_ale";"Meppen 1912";"Alemanha"
"meranimartvili_ge";"Merani Martvili";"Geórgia"
"merelinense_por";"Merelinense";"Portugal"
"estudiantesmerida_ven";"Mérida";"Venezuela"
"merida_esp";"Mérida";"Espanha"
"MersinIdmanYurdu_tur";"Mersin İdman Yurdu";"Turquia"
"meshakhtetkibuli_ge";"Meshakhte Tkibuli";"Geórgia"
"messina_ita";"Messina";"Itália"
"metalacgm_srb";"Metalac Gornji Milanovac";"Sérvia"
"metalist_ucr";"Metalist 1925";"Ucrânia"
"metallurgasha_rus";"Metallurg Asha";"Rússia"
"metallurglipetsk_rus";"Metallurg Lipetsk";"Rússia"
"metalurg_ucr";"Metalurh Zaporizhya";"Ucrânia"
"metropolitanosc_bra";"Metropolitano";"Brasil"
"laequidad_col";"Metropolitano";"Colômbia"
"leones_col";"Metropolitano Ciudad de Itagüí";"Colômbia"
"metropolitanos_ven";"Metropolitanos";"Venezuela"
"metz_fr";"Metz";"FR"
"Meuselwitz_ale";"Meuselwitz";"Alemanha"
"meux_bel";"Meux";"Bélgica"
"miami_eua";"Miami";"EUA"
"miamifc433_eua";"Miami FC";"EUA"
"miamiutd_eua";"Miami United";"EUA"
"middlesbrough_ing";"Middlesbrough";"Inglaterra"
"midtjylland_din";"Midtjylland";"Dinamarca"
"lincoln_gib";"Mike McElwee";"GIB"
"milan_it";"Milan";"IT"
"millionarios_col";"Millonarios";"Colômbia"
"millwall_ing";"Millwall";"Inglaterra"
"milaj_ucr";"Minai";"Ucrânia"
"mineirosgo_bra";"Mineiros GO";"Brasil"
"minnesota433_eua";"Minnesota United";"EUA"
"minsk_bie";"Minsk";"BIE"
"miramarmisiones_uru";"Miramar Misiones";"Uruguai"
"mirandela_por";"Mirandela";"Portugal"
"mirandes_esp";"Mirandés";"Espanha"
"miirassol_sp";"Mirassol";"Brasil"
"atleticomitre_arg";"Mitre";"Argentina"
"MitreDeSalta_arg";"Mitre de Salta";"Argentina"
"mixto_mt";"Mixto";"Brasil"
"mjallby_sue";"Mjällby AIF";"Suécia"
"mkdons_ing";"MK Dons";"Inglaterra"
"Ankaragucu_tur";"MKE Ankaragücü";"Turquia"
"mladostlucani_srb";"Mladost Lučani";"Sérvia"
"modena_ita";"Modena";"Itália"
"mogimirim_bra";"Mogi Mirim";"Brasil"
"moimentadabeira_por";"Moimenta da Beira";"Portugal"
"molde_nor";"Molde FK";"Noruega"
"pirata_per";"Molinos El Pirata";"Peru"
"monaco_fr";"Monaco ";"FR"
"MonacoII_fra";"Monaco II";"França"
"monaguas_ven";"Monagas";"Venezuela"
"monopoli_ita";"Monopoli";"Itália"
"monscalpe_gib";"Mons Calpe";"GIB"
"monsoon_rs_bra";"Monsoon FC";"Brasil"
"montalegre_por";"Montalegre";"Portugal"
"Montceau_fra";"Montceau";"França"
"monteazul_sp";"Monte Azul";"Brasil"
"monteroraima_rr";"Monte Roraima ";"Brasil"
"monterey433_eua";"Monterey Bay";"EUA"
"monterrey_mex";"Monterrey";"México"
"montevideotorque_uru";"Montevideo City Torque";"Uruguai"
"wanderers_uru";"Montevideo Wanderers";"Uruguai"
"montpellier_fra";"Montpellier";"França"
"MontpellierII_fra";"Montpellier II";"França"
"impactmontreal_can";"Montréal II";"CAN"
"montrose_esc";"Montrose";"Escócia"
"ChasselayMDA_fra";"Monts D'Or Azergues";"França"
"monza_ita";"Monza";"Itália"
"mordoviasaransk_rus";"Mordoviya Saransk";"Rússia"
"morecambe_ing";"Morecambe";"Inglaterra"
"moreirense_por";"Moreirense";"Portugal"
"morrinhosgo_bra";"Morrinhos";"Brasil"
"mortagua_por";"Mortágua";"Portugal"
"morvantcaledonia_trt";"Morvant Caledonia United";"TRT"
"motagua_hon";"Motagua";"HON"
"motema_rdg";"Motema Pembe";"RDG"
"motherwell_esc";"Motherwell";"Escócia"
"motoclubma_bra";"Moto Club";"Brasil"
"moura_por";"Moura";"Portugal"
"re_bel";"Mouscron";"Bélgica"
"abdb_brn";"MS ABDB";"BRN"
"mtk_hun";"MTK";"HUN"
"muangthong_tai";"Muangthong";"TAI"
"Muglaspor_tur";"Muglaspor";"Turquia"
"Mulhouse_fra";"Mulhouse";"França"
"mumbai_ind";"Mumbai City";"IND"
"loscaimanes_per";"Municipal de la Juventud";"Peru"
"lapintana_chi";"Municipal de La Pintana";"Chile"
"lotaschwager_chi";"Municipal Federico Schwager";"Chile"
"mejillones_chi";"Municipal Mejillones";"Chile"
"municipalsantiago_chi";"Municipal Santiago";"Chile"
"nsmura_elv";"Mura";"ELV"
"muricial";"Murici";"Brasil"
"murom_rus";"Murom";"Rússia"
"mushucruna_equ";"Mushuc Runa";"Equador"
"mvv_hol";"MVV Maastricht";"Holanda"
"mfk_ucr";"Mykolaiv";"Ucrânia"
"breda_hol";"NAC Breda";"Holanda"
"Luckenwalde_ale";"Nachtigall";"Alemanha"
"nacional_uru";"Nacional";"Uruguai"
"nacional_par";"Nacional - PAR";"Paraguai"
"nacionalpotosi_bol";"Nacional Potosí";"Bolívia"
"nacional_am";"Nacional-AM";"Brasil"
"nacional_pb";"Nacional-PB";"Brasil"
"nagoyagrampus_jap";"Nagoya Grampus";"Japão"
"najran_ara";"Najran";"ARA"
"namur_bel";"Namur";"Bélgica"
"nancy_fr";"Nancy";"FR"
"nandasmo_nic";"Nandasmo";"NIC"
"nantes_fr";"Nantes";"FR"
"nantong_chn";"Nantong Zhiyun";"CHN"
"napoli_it";"Napoli";"IT"
"napredak_srb";"Napredak Krusevac";"Sérvia"
"LaEmilia_arg";"Nardoni";"Argentina"
"nasarawa_nga";"Nasarawa United";"NGA"
"nashville433_eua";"Nashville SC";"EUA"
"nautico";"Náutico";"Brasil"
"nauticorr_bra";"Náutico-RR ";"Brasil"
"naval1maio_por";"Naval";"Portugal"
"naviraiense_br";"Naviraiense";"Brasil"
"NazilliBelediyespor_tur";"Nazilli Belediyespor";"Turquia"
"nec_hol";"NEC Nijmegen";"Holanda"
"neftchi-kochkor_kgz";"Neftchi Kochkor-Ata";"KGZ"
"neftci_aze";"Neftçi Baku";"AZE"
"neftekhimik_rus";"Neftekhimik";"Rússia"
"neom_ara";"NEOM SC";"ARA"
"nessoknaritrottarfelag_ilh";"Nes Sóknar Ítróttarfelag";"Ilhas Faroé"
"neuchatel_sui";"Neuchâtel Xamax";"Suíça"
"Neustrelitz_ale";"Neustrelitz";"Alemanha"
"newengland433_eua";"New England Revolution";"EUA"
"newmexico433_eua";"New Mexico United";"EUA"
"newyorkcity433_eua";"New York City";"EUA"
"nycosmos_eua";"New York Cosmos";"EUA"
"nwredbull433_eua";"New York Red Bulls";"EUA"
"nyredbullsII_eua";"New York Red Bulls II";"EUA"
"newcastle_aus";"Newcastle Jets";"Austrália"
"newcastle_ing";"Newcastle United";"Inglaterra"
"newoldboys_ar";"Newell's Old Boys";"AR"
"newport_ing";"Newport County";"Inglaterra"
"nice_fra";"Nice";"França"
"NiceII_fra";"Nice II";"França"
"NigdeBelediyespor_tur";"Nigde Belediyespor";"Turquia"
"Lotte_ale";"Nils Drube";"Alemanha"
"nimes_fr";"Nimes Olympique";"FR"
"NingxiaHelanshan_chn";"Ningxia Helanshan";"CHN"
"nizhnynovgorod_rus";"Nizhny Novgorod";"Rússia"
"celje_elv";"NK Celje";"ELV"
"Dragovoljac_cro";"NK Dragovoljac";"Croácia"
"istra_cro";"NK Istra";"Croácia"
"lokomotiva_cro";"NK Lokomotiva Zagreb";"Croácia"
"lucko_cro";"NK Lucko ";"Croácia"
"osijek_cro";"NK Osijek";"Croácia"
"osijek2_cro";"NK Osijek II ";"Croácia"
"siroki_bih";"NK Siroki Brijeg";"BIH"
"solin_cro";"NK Solin";"Croácia"
"varazdin_cro";"NK Varazdin";"Croácia"
"vinogradar_cro";"NK Vinogradar ";"Croácia"
"zadar_cro";"NK Zadar ";"Croácia"
"nkzagreb_cro";"NK Zagreb ";"Croácia"
"nkana_zam";"Nkana";"ZAM"
"Noah_Arm";"Noah Yerevan";"ARM"
"nogueirense_por";"Nogueirense";"Portugal"
"noroeste_bra";"Noroeste";"Brasil"
"norrby_sue";"Norrby IF";"Suécia"
"northmg_br";"North";"Brasil"
"northcarolina433_eua";"North Carolina";"EUA"
"northampton_ing";"Northampton Town";"Inglaterra"
"norwichcity_ing";"Norwich City";"Inglaterra"
"nosta_rus";"NoSta Novotroitsk";"Rússia"
"Nottingen_ale";"Nottingen";"Alemanha"
"nottinghamforest_ing";"Nottingham Forest";"Inglaterra"
"notts_ing";"Notts Country";"Inglaterra"
"llagostera_esp";"Nou Municipal de Palamós";"Espanha"
"novaiguacu_rj";"Nova Iguaçu";"Brasil"
"novamutum_mt";"Nova Mutum";"Brasil"
"novara_it";"Novara";"IT"
"novipazar_srb";"Novi Pazar";"Sérvia"
"novohamburgo_bra";"Novo Hamburgo";"Brasil"
"novokuznetsk_rus";"Novokuznetsk";"Rússia"
"novosibirsk_ru";"Novosibirsk";"RU"
"nsirunavik_fro";"NSÍ Runavík";"FRO"
"nublense_chi";"Ñublense ";"Chile"
"nuevachicago_arg";"Nueva Chicago";"Argentina"
"nueveoctubreba_equ";"Nueve de Octubre";"Equador"
"numancia_esp";"Numancia";"Espanha"
"Nybergsund_nor";"Nybergsund";"Noruega"
"nyva_ucr";"Nyva Ternopil";"Ucrânia"
"ohiggins_chi";"O'Higgins";"Chile"
"oakland433_eua";"Oakland Roots";"EUA"
"Oberlausitz_ale";"Oberlausitz";"Alemanha"
"obolon_ucr";"Obolon Kiev";"Ucrânia"
"oceancity_eua";"Ocean City Nor'easters";"EUA"
"oddgrenland_nor";"Odds";"Noruega"
"odense_din";"Odense BK";"Dinamarca"
"odishi1919zugdidi_ge";"Odishi-1919 Zugdidi";"Geórgia"
"oeirense_pi";"Oeirense";"Brasil"
"OFC_hol";"OFC Oostzaanse";"Holanda"
"ofi_gre";"OFI Creta";"Grécia"
"Ofspor_tur";"Ofspor";"Turquia"
"ogdencity_eua";"Ogden City";"EUA"
"ohleuven_bel";"OH Leuven";"Bélgica"
"ohod_ara";"Ohod Club";"ARA"
"OJCRosmalen_hol";"OJC Rosmalen";"Holanda"
"olaria_rj";"Olaria";"Brasil"
"olbia_ita";"Olbia";"Itália"
"Oldenburg_ale";"Oldenburg";"Alemanha"
"oldham_ing";"Oldham Athletic";"Inglaterra"
"arcoleiros_por";"Oleiros";"Portugal"
"pfc_ucr";"Oleksandriya";"Ucrânia"
"olhanense_por";"Olhanense";"Portugal"
"olimpia_par";"Olimpia";"Paraguai"
"olimpia_ba_par";"Olimpia de Itá";"Paraguai"
"olimpia_hon";"Olimpia Tegucigalpa";"HON"
"olimpia_esl";"Olimpija Ljubljana";"ESL"
"olimpik_ucr";"Olimpik Donetsk ";"Ucrânia"
"olimpo_arg";"Olimpo";"Argentina"
"oliveirense_por";"Oliveirense";"Portugal"
"olmedo_equ";"Olmedo";"Equador"
"olot_ba_esp";"Olot";"Espanha"
"olsabrakel_bel";"Olsa Brakel";"Bélgica"
"wijgmaal_bel";"Olympia Wijgmaal";"Bélgica"
"olympiakos_gre";"Olympiakos";"Grécia"
"OlympiqueDeMarseilleII_fra";"Olympique De Marseille II ";"França"
"lyon";"Olympique Lyonnais";"LYON"
"OlympiqueLyonnaisII_fra";"Olympique Lyonnais II";"França"
"olympiquemarseile_fra";"Olympique Marseille";"França"
"OlympiqueSafi";"Olympique Safi";"OLYMPIQUESAFI"
"omonianicosia_chp";"Omonia Nicosia";"CHP"
"oncecaldas_col";"Once Caldas ";"Colômbia"
"ONSSneek_hol";"ONS Sneek";"Holanda"
"oostende_bel";"Oostende";"Bélgica"
"oosterwijk_bel";"Oosterwijk";"Bélgica"
"operariovg_mt";"Operário VG";"Brasil"
"operarioms_bra";"Operário-MS";"Brasil"
"operariomt";"Operário-MT";"Brasil"
"operario_pr";"Operário-PR";"Brasil"
"orange433_eua";"Orange County";"EUA"
"oratorio_ap";"Oratório";"Brasil"
"ordabasy_caz";"Ordabasy";"CAZ"
"orebro_sue";"Örebro SK";"Suécia"
"orel_rus";"Orel";"Rússia"
"orenburg_rus";"Orenburg";"Rússia"
"orenburg2_rus";"Orenburg II";"Rússia"
"orense_equ";"Orense";"Equador"
"orgryte_sue";"Örgryte IS";"Suécia"
"Orhangazispor_tur";"Orhangazispor";"Turquia"
"oriental_uru";"Oriental";"Uruguai"
"oriental_por";"Oriental";"Portugal"
"orientepetrolero_bol";"Oriente Petrolero";"Bolívia"
"orijent_cro";"Orijent Rijeka";"Croácia"
"orlandocity433_eua";"Orlando City";"EUA"
"orlandocityb_eua";"Orlando City II";"EUA"
"orlandopirates_afs";"Orlando Pirates";"AFS"
"orleans_fra";"Orleans";"França"
"orsomarso_col";"Orsomarso";"Colômbia"
"oestesp_bra";"Osasco Sporting";"Brasil"
"osasuna_esp";"Osasuna";"Espanha"
"osasunab_esp";"Osasuna II";"Espanha"
"Osmaniyespor_tur";"Osmaniyespor";"Turquia"
"osnabruck_ale";"Osnabrück";"Alemanha"
"osorno_chi";"Osorno";"Chile"
"osters_sue";"Östers IF";"Suécia"
"ostersunds_sue";"Östersunds FK";"Suécia"
"oudenaarde_bel";"Oudenaarde";"Bélgica"
"ovarense_por";"Ovarense";"Portugal"
"ovetense_par";"Ovetense";"Paraguai"
"ovfalliance_eua";"OVF Alliance";"EUA"
"oxford_ing";"Oxford United";"Inglaterra"
"pacajusce_bra";"Pacajus";"Brasil"
"pachuca_mex";"Pachuca";"México"
"Pacifico_Arg";"Pacífico";"ARG"
"pacosferreira_por";"Paços de Ferreira";"Portugal"
"paderborn_ale";"Paderborn 07";"Alemanha"
"padova_ita";"Padova";"Itália"
"paechania_gre";"PAE Chania";"Grécia"
"anorthosisfamag_cyp";"Pafos FC";"CYP"
"paganese_ita";"Paganese";"Itália"
"paide_est";"Paide Linnameeskond";"EST"
"pakhtakor_ubz";"Pakhtakor";"UBZ"
"palermo_it";"Palermo";"IT"
"palestino_chi";"Palestino";"Chile"
"palmas_to";"Palmas";"Brasil"
"palmeirrn_bra";"Palmeira";"Brasil"
"palmeiras";"Palmeiras";"Brasil"
"queen_esc";"Palmerston Park";"Escócia"
"pampilhosa";"Pampilhosa";"PAMPILHOSA"
"panachaiki_gre";"Panachaiki";"Grécia"
"panarkadikos_gre";"Panarkadikos";"Grécia"
"panatinaikos_gre";"Panathinaikos";"Grécia"
"panetolikos_gre";"Panetolikos";"Grécia"
"panionios_gre";"Panionios Athen";"Grécia"
"pantanal_ms";"Pantanal";"Brasil"
"paok_gre";"PAOK";"Grécia"
"paranoa_bra";"Paranoá";"Brasil"
"parintins_bra";"Parintins";"Brasil"
"paris_fra";"Paris FC";"França"
"parissaintgermain_fr";"Paris Saint Germain";"FR"
"PSGII_fra";"Paris Saint-Germain II";"França"
"bruck_aut";"Parkstadion Bruck";"Áustria"
"parma_ita";"Parma";"Itália"
"parnahyba_br";"Parnahyba";"Brasil"
"parnujkvaprus_est";"Pärnu JK Vaprus";"Estônia"
"lusitanoavora_ba_por";"Parque Desp. Eng.º Joaquim Carneiro";"Portugal"
"Partickthistle_esc";"Partick Thistle";"Escócia"
"partizan_ser";"Partizan";"Sérvia"
"pas_gre";"PAS Giannina";"Grécia"
"lamia_gre";"PAS Lamia";"Grécia"
"pathumunited_tai";"Pathum United";"TAI"
"patriotas_col";"Patriotas";"Colômbia"
"patroeisden_bel";"Patro Eisden";"Bélgica"
"patronato_arg";"Patronato";"Argentina"
"pau_fra";"Pau FC";"França"
"paulista_sp";"Paulista";"Brasil"
"Payasspor_tur";"Payasspor";"Turquia"
"paysandu";"Paysandu";"Brasil"
"Pazarspor_tur";"Pazarspor";"Turquia"
"peczwolle_hol";"PEC Zwolle";"Holanda"
"pedrasrubras";"Pedras Rubras";"PEDRASRUBRAS"
"pelotasrs_bra";"Pelotas";"Brasil"
"penafiel_por";"Penafiel";"Portugal"
"penarol_uru";"Peñarol";"Uruguai"
"Pendikspor_tur";"Pendikspor";"Turquia"
"penedense_al";"Penedense";"Brasil"
"harrisburg_eua";"Penn";"EUA"
"persepolis_irn";"Persepolis";"IRN"
"perugia_ita";"Perugia";"Itália"
"pescara_it";"Pescara";"IT"
"peterborough_ing";"Peterborough United";"Inglaterra"
"peterhead_esc";"Peterhead";"Escócia"
"petroluanda_ang";"Petro Luanda";"ANG"
"petrocub_mol";"Petrocub";"MOL"
"petrolero_bol";"Petrolero Yacuiba";"Bolívia"
"beroestara_bul";"PFC Beroe Stara Zagora";"BUL"
"ludogorets_bul";"PFC Ludogorets";"BUL"
"rukh_ucr";"PFK Lviv";"Ucrânia"
"lonestar_usa";"Philadelphia Union";"USA"
"phoenixrising433_eua";"Phoenix Rising";"EUA"
"piacenza_ita";"Piacenza";"Itália"
"piast_pol";"Piast Gliwice";"POL"
"piaui_pi";"Piauí";"Brasil"
"pinhalnovense_por";"Pinhalnovense";"Portugal"
"pinheiroma_bra";"Pinheiro";"Brasil"
"pinzgau_aut";"Pinzgau Saalfelden";"Áustria"
"pirambuse_bra";"Pirambu";"Brasil"
"Pirmasens_ale";"Pirmasens";"Alemanha"
"pisa_it";"Pisa";"IT"
"pistoiese_ita";"Pistoiese";"Itália"
"pittsburgh433_eua";"Pittsburgh";"EUA"
"pkgori_ge";"PK Gori";"Geórgia"
"plateau_nga";"Plateau United";"NGA"
"platense_arg";"Platense";"Argentina"
"platense_uru";"Platense Montevideo";"Uruguai"
"plazamador_pan";"Plaza Amador";"PAN"
"plazacolonia_uru";"Plaza Colonia";"Uruguai"
"plymouth_ing";"Plymouth Argyle";"Inglaterra"
"pogon_pl";"Pogoń Szczecin";"PL"
"pohangsteelers_cor";"Pohang Steelers";"COR"
"Poissy_fra";"Poissy ";"França"
"police_trt";"Police FC";"TRT"
"legiawarsaw";"Polish Army";"LEGIAWARSAW"
"polissya_ucr";"Polissya";"Ucrânia"
"pombal_pb";"Pombal ";"Brasil"
"ponferradina_esp";"Ponferradina";"Espanha"
"pontebarca_por";"Ponte da Barca";"Portugal"
"pontepreta_bra";"Ponte Preta";"Brasil"
"pontedera_it";"Pontedera";"IT"
"pontevedra_esp";"Pontevedra";"Espanha"
"pordenone_ita";"Pordenone";"Itália"
"portvale_ing";"Port Vale";"Inglaterra"
"portimonense_por";"Portimonense";"Portugal"
"portlandphoenix_eua";"Portland Phoenix";"EUA"
"portlandtimbers_eua";"Portland Timbers";"EUA"
"portlandtimblres2_eua";"Portland Timbers II";"EUA"
"porto";"Porto";"PORTO"
"portope_bra";"Porto - PE";"Brasil"
"portob";"Porto B";"PORTOB"
"portovelho";"Porto Velho";"Brasil"
"portovitoria_es";"Porto Vitória ";"Brasil"
"porto_ba";"Porto-BA";"Brasil"
"portsmouth_ing";"Portsmouth";"Inglaterra"
"portuguesa_bra";"Portuguesa";"Brasil"
"portuguesa_ven";"Portuguesa";"Venezuela"
"portuguesasantista_bra";"Portuguesa Santista";"Brasil"
"portuguesarj_bra";"Portuguesa-RJ";"Brasil"
"portiguar_bra";"Potiguar";"Brasil"
"potiguar_bra";"Potiguar de Mossoró";"Brasil"
"potyguarrn_bra";"Potyguar";"Brasil"
"pousoalegre_mg";"Pouso Alegre";"Brasil"
"prachuap_tai";"Prachuap";"TAI"
"praiense_por";"Praiense";"Portugal"
"aeprat_esp";"Prat";"Espanha"
"prato_it";"Prato";"IT"
"preston_eng";"Preston North End";"ENG"
"Preussen06Munster_ale";"Preußen Münster";"Alemanha"
"primavera_mt";"Primavera-MT";"Brasil"
"primavera_bra";"Primavera-SP";"Brasil"
"lacalamine_bel";"Prince Philippe";"Bélgica"
"princesa_am";"Princesa do Solimões";"Brasil"
"Prishtina_kos";"Pristina";"KOS"
"propatria_ita";"Pro Patria";"Itália"
"propiacenza_it";"Pro Piacenza";"IT"
"provercelli_ita";"Pro Vercelli";"Itália"
"progresso_rr";"Progresso-RR ";"Brasil"
"proleternovisad_srb";"Proleter Novi Sad";"Sérvia"
"ovalle_chi";"Provincial Ovalle";"Chile"
"prykarpatiia_ucr";"Prukarpattua";"Ucrânia"
"pskov747_rus";"Pskov-747";"Rússia"
"psv_hol";"PSV";"Holanda"
"psvb_hol";"PSV Eindhoven II";"Holanda"
"puebla_mex";"Puebla FC";"México"
"academia_ven";"Puerto Cabello";"Venezuela"
"puertomontt_chi";"Puerto Montt";"Chile"
"puertorico_eua";"Puerto Rico";"EUA"
"pwdBamenda_cam";"PWD Bamenda";"CAM"
"pyramidsfc_egi";"Pyramids FC";"Egito"
"pyunik_arm";"Pyunik";"ARM"
"qingdaohainiu_chi";"Qingdao Hainiu";"China"
"qingdaowestcoast_chi";"Qingdao West Coast";"China"
"queenspark_ing";"Queens Park Rangers";"Inglaterra"
"quevilly_fra";"Quevilly-Rouen";"França"
"quilmes_arg";"Quilmes";"Argentina"
"quixada_ce";"Quixadá";"Brasil"
"ri3corrales_par";"R.I. 3 Corrales";"Paraguai"
"racing_arg";"Racing Club";"Argentina"
"RacingDeCordoba_arg";"Racing Córdoba";"Argentina"
"ferrol_esp";"Racing Ferrol";"Espanha"
"racing_ba_per";"Racing Huamachuco";"Peru"
"racing_uru";"Racing Montevideo";"Uruguai"
"racingroma_it";"Racing Roma";"IT"
"racing_esp";"Racing Santander";"Espanha"
"radbeograd_srb";"Rad Beograd";"Sérvia"
"radkragujevac_srb";"Radnicki Kragujevac";"Sérvia"
"radnickinis_srb";"Radnički Niš";"Sérvia"
"radnickipirot_srb";"Radnički Pirot";"Sérvia"
"radnik_cro";"Radnik Sesvete";"Croácia"
"radsurdulica_srb";"Radnik Surdulica";"Sérvia"
"raithrovers_esc";"Raith Rovers";"Escócia"
"rajacasablanca_mar";"Raja Casablanca";"Marrocos"
"ramirocastillo_bol";"Ramiro Castillo";"Bolívia"
"ramplajuniors_uru";"Rampla Juniors";"Uruguai"
"rancaguasur_chi";"Rancagua Sur";"Chile"
"randers_den";"Randers FC";"DEN"
"rangers_esc";"Rangers";"Escócia"
"rangers_chi";"Rangers de Talca";"Chile"
"RaonEtape_fra";"Raon Etape";"França"
"rapidviena_aut";"Rapid Viena";"Áustria"
"rapidwienII_aut";"Rapid Wien II";"Áustria"
"rayomajadahonda_esp";"Rayo Majadahonda";"Espanha"
"rayovallecano_esp";"Rayo Vallecano";"Espanha"
"bragantino_bra";"RB Bragantino";"Brasil"
"leipzig_ale";"RB Leipzig";"Alemanha"
"RBLeipzigII_ale";"RB Leipzig II ";"Alemanha"
"salzburg_aut";"RB Salzburg";"Áustria"
"rcabidjan_cma";"RC Abidjan";"CMA"
"reading_ing";"Reading";"Inglaterra"
"readingunited_eua";"Reading United";"EUA"
"realamerica_bol";"Real América";"Bolívia"
"betis_esp";"Real Bétis";"Espanha"
"realbrasilia_bra";"Real Brasília";"Brasil"
"realcartagena_col";"Real Cartagena";"Colômbia"
"realesteli_nic";"Real Estelí";"NIC"
"realhope_hai";"Real Hope";"HAI"
"jaen_esp";"Real Jaen";"Espanha"
"linense_esp";"Real Linense";"Espanha"
"realmadrid_esp";"Real Madrid";"Espanha"
"rmcastilla_esp";"Real Madrid II";"Espanha"
"realmamore_bol";"Real Mamoré";"Bolívia"
"realmurcia_esp";"Real Murcia";"Espanha"
"realnoroeste_bra";"Real Noroeste";"Brasil"
"realoviedo_esp";"Real Oviedo";"Espanha"
"realsc_por";"Real Queluz";"Portugal"
"saltlake433_eua";"Real Salt Lake";"EUA"
"realsanandres_col";"Real San Andrés";"Colômbia"
"realsanjoaquin_chi";"Real San Joaquín";"Chile"
"realsantacruz_bol";"Real Santa Cruz";"Bolívia"
"realsociedad_esp";"Real Sociedad";"Espanha"
"realsociedadb_esp";"Real Sociedad II";"Espanha"
"sportinggijon_esp";"Real Sporting Gijón";"Espanha"
"realunion_esp";"Real Unión";"Espanha"
"valladolid_esp";"Real Valladolid";"Espanha"
"valladolidb_esp";"Real Valladolid II";"Espanha"
"realzaragoza_esp";"Real Zaragoza";"Espanha"
"Portoviejo_equ";"Reales Tamarindos";"Equador"
"recoleta_chi";"Recoleta";"Chile"
"redstar_fr";"Red Star";"FR"
"redwolves433_eua";"Red Wolves";"EUA"
"reggiana_ita";"Reggiana";"Itália"
"reggina_ita";"Reggina";"Itália"
"reichenau_aut";"Reichenau";"Áustria"
"lduloja_equ";"Reina del Cisne";"Equador"
"remo";"Remo";"Brasil"
"RenaissanceZ";"Renaissance Zemamra";"RENAISSANCEZ"
"renate_ita";"Renate";"Itália"
"Liniers_arg";"Renato";"Argentina"
"rengo_chi";"Rengo";"Chile"
"rennes_fr";"Rennes";"FR"
"RennesII_fra";"Rennes II ";"França"
"renova_mkd";"Renova Dzepciste";"MKD"
"resenderj_bra";"Resende";"Brasil"
"resistencia_par";"Resistencia";"Paraguai"
"retrope_bra";"Retrô";"Brasil"
"reusdeportiu_esp";"Reus Deportiu";"Espanha"
"LocoTbilisi_Geo";"Revaz Tevdoradze";"GEO"
"rheindorfaltach_aut";"Rheindorf Altach";"Áustria"
"rhode433_eua";"Rhode Island FC";"EUA"
"richmond433_eua";"Richmond";"EUA"
"RidaviaDeVenado_arg";"Ridavia Venado";"Argentina"
"fcrieti_ba_ita";"Rieti";"Itália"
"riga_let";"Riga";"LET"
"RijnsburgseBoys_hol";"Rijnsburgse Boys";"Holanda"
"rioave_por";"Rio Ave";"Portugal"
"riobrancovn_es";"Rio Branco de Venda Nova ";"Brasil"
"riobrancoac_bra";"Rio Branco-AC";"Brasil"
"riobranco_es";"Rio Branco-ES ";"Brasil"
"rioclaro_sp";"Rio Claro";"Brasil"
"rionegro_bra";"Rio Negro";"Brasil"
"rionegro_rr";"Rio Negro-RR ";"Brasil"
"rionegro_col";"Rionegro Águilas";"Colômbia"
"riteriai_lit";"Riteriai";"LIT"
"RidaviaDeLincoln_arg";"Rivadavia de Lincoln";"Argentina"
"riverpi_bra";"River PI";"Brasil"
"riverplate_arg";"River Plate";"Argentina"
"riverplate_uru";"River Plate - URU";"Uruguai"
"riverplate_par";"River Plate Asunción";"Paraguai"
"rivers_nga";"Rivers United";"NGA"
"waalwijk_hol";"RKC Waalwijk";"Holanda"
"rochdale_ing";"Rochdale";"Inglaterra"
"rhinos_eua";"Rochester Rhinos";"EUA"
"roda_hol";"Roda";"Holanda"
"rodez_fra";"Rodez";"França"
"Rodinghausen_ale";"Rödinghausen";"Alemanha"
"rolimmoura_ro";"Rolim de Moura";"Brasil"
"roma_it";"Roma";"IT"
"romapr_bra";"Roma Apucarana";"Brasil"
"Romorantin_fra";"Romorantin";"França"
"rosariocentral_arg";"Rosario Central";"Argentina"
"rosenborg_nor";"Rosenborg";"Noruega"
"rosich_rus";"Rosich";"Rússia"
"rosscounty_esc";"Ross County";"Escócia"
"rostov_rus";"Rostov";"Rússia"
"RotWeissAhle_ale";"Rot Weiss Ahlen";"Alemanha"
"RotWeissErfurt_ale";"Rot-Weiss Erfurt";"Alemanha"
"Rot-WeissEssen_ale";"Rot-Weiss Essen";"Alemanha"
"Rot-WeissOberhausen_ale";"Rot-Weiss Oberhausen";"Alemanha"
"rotherham_eng";"Rotherham United";"ENG"
"rotor_rus";"Rotor";"Rússia"
"rotor2_rus";"Rotor Volgograd II";"Rússia"
"royalantwerp_bel";"Royal Antwerp";"Bélgica"
"royalfrancis_bel";"Royal Francs Borains";"Bélgica"
"liege_bel";"Royal Liège";"Bélgica"
"royalpari_bol";"Royal Pari";"Bolívia"
"whitestar_bel";"Royal White Star";"Bélgica"
"berkane_mar";"RS Berkane";"Marrocos"
"rubinkazan_rus";"Rubin Kazan";"Rússia"
"rubionu_par";"Rubio Ñu";"Paraguai"
"rudes_cro";"Rudes Zagreb";"Croácia"
"fclviv_ucr";"Rukh Lviv";"Ucrânia"
"ruzomberok_slk";"Ruzomberok";"SLK"
"rwdmolenbeek_bel";"RWD Molenbeek";"Bélgica"
"ryazan_rus";"Ryazan";"Rússia"
"Saarbrucken_ale";"Saarbrücken";"Alemanha"
"sabadell_esp";"Sabadell";"Espanha"
"sabah_azb";"Sabah";"AZB"
"Saburtalo_Geo";"Saburtalo";"GEO"
"Sacachispas_arg";"Sacachispas";"Argentina"
"sacavenense_por";"Sacavenense";"Portugal"
"sacramento433_eua";"Sacramento FC";"EUA"
"agradaesperanca_ang";"Sagrada Esperança";"ANG"
"standrews_mta";"Saint Andrews";"MTA"
"saintjohnstone_esc";"Saint Johnstone";"Escócia"
"st_ettiene_fr";"Saint-Étienne";"FR"
"Saint-LouisNeuweg_fra";"Saint-Louis Neuweg";"França"
"Saint-Malo_fra";"Saint-Malo";"França"
"Saint-Priest_fra";"Saint-Priest";"França"
"Saint-PryveSaintHilaire_fra";"Saint-Pryve Saint-Hilaire";"França"
"SainteGenevieve_fra";"Sainte Genevieve";"França"
"Sakaryaspor_tur";"Sakaryaspor";"Turquia"
"salernitana_ita";"Salernitana";"Itália"
"salford_ing";"Salford City";"Inglaterra"
"salgueirope_bra";"Salgueiro";"Brasil"
"salgueiros_por";"Salgueiros";"Portugal"
"salyutbelgorod_rus";"Salyut Belgorod";"Rússia"
"salzburger_aut";"Salzburger AK 1914";"Áustria"
"samambaia_bra";"Samambaia";"Brasil"
"sambenedettese_ita";"Sambenedettese";"Itália"
"samguralitskhaltubo_ge";"Samgurali Tskhaltubo";"Geórgia"
"samapaiocorrea_ma";"Sampaio Corrêa";"Brasil"
"sampaiocorreaqtt_bra";"Sampaio Corrêa-RJ";"Brasil"
"sampdoria_ita";"Sampdoria";"Itália"
"samsunspor_tur";"Samsunspor";"Turquia"
"sanantonio433_eua";"San Antonio FC";"EUA"
"sanantonio_chi";"San Antonio Unido";"Chile"
"sandiegofc_eua";"San Diego FC";"EUA"
"sdloyal_ba_eua";"San Diego Loyal";"EUA"
"sanfrancisco_pan";"San Francisco";"PAN"
"sanfranciscocity_eua";"San Francisco City";"EUA"
"SanJorgeDeTucuman_arg";"San Jorge Tucumán";"Argentina"
"sanjose433_eua";"San Jose Earthquakes";"EUA"
"sanjuan_trt";"San Juan Jabloteh";"TRT"
"sanlorenzo_ar";"San Lorenzo";"AR"
"SanLorenzoDeAlem_arg";"San Lorenzo Alem";"Argentina"
"sanluis_chi";"San Luis";"Chile"
"sanmarcos_chi";"San Marcos Arica";"Chile"
"sanmartinsj_ar";"San Martín";"AR"
"SanMartinDeBurzaco_arg";"San Martin Burzaco";"Argentina"
"sanmartint_arg";"San Martin de Tucumán";"Argentina"
"sanmartinformosa_arg";"San Martín Formosa";"Argentina"
"SanMiguel_arg";"San Miguel";"Argentina"
"SanTelmo_arg";"San Telmo";"Argentina"
"SancaktepeBelediye_tur";"Sancaktepe Belediyespor";"Turquia"
"sancaktepe_tur";"Sancaktepe FK";"Turquia"
"sandefjord_nor";"Sandefjord";"Noruega"
"sandhausen_ale";"Sandhausen";"Alemanha"
"sanfreccehiroshima_jap";"Sanfrecce Hiroshima";"Japão"
"sanjoanense_por";"Sanjoanense";"Portugal"
"Sanliurfaspor_tur";"Sanlıurfaspor";"Turquia"
"Sansinena_arg";"Sansinena";"Argentina"
"santandreu_ba_esp";"Sant Andreu";"Espanha"
"santacatarina_cg_br";"Santa Catarina";"Brasil"
"santaclara_por";"Santa Clara";"Portugal"
"SantaColoma_AND";"Santa Coloma";"AND"
"santa";"Santa Cruz";"Brasil"
"santacruz-ac";"Santa Cruz - AC";"Brasil"
"santacruzrn";"Santa Cruz - RN";"Brasil"
"santafe_col";"Santa Fé";"Colômbia"
"rita_equ";"Santa Rita Vinces";"Equador"
"santarosapa_bra";"Santa Rosa ";"Brasil"
"santatecla_els";"Santa Tecla";"ELS"
"DesportivoSantamarina_arg";"Santamarina";"Argentina"
"santarcangelo_ita";"Santarcangelo";"Itália"
"santiagomorning_chi";"Santiago Morning";"Chile"
"santiagowanders_chi";"Santiago Wanderers";"Chile"
"santoandre_sp";"Santo André";"Brasil"
"santos";"Santos";"Brasil"
"santos_ap";"Santos - AP";"Brasil"
"santos_per";"Santos de Nasca";"Peru"
"santos_mex";"Santos Laguna";"México"
"saobento_bra";"São Bento";"Brasil"
"saobernardo_sp";"São Bernardo";"Brasil"
"saocaetano_bra";"São Caetano";"Brasil"
"saofrancisco_ac";"São Francisco - AC";"Brasil"
"saofrancisco_pa";"São Francisco - PA ";"Brasil"
"saogoncalo_rj";"São Gonçalo ";"Brasil"
"saojoao_por";"São João Ver";"Portugal"
"saojosers_bra";"São José";"Brasil"
"saojose_ap";"São José-AP";"Brasil"
"saojosesp_bra";"São José-SP";"Brasil"
"independente_pr";"São Joseense";"Brasil"
"saoluiz_rs";"São Luiz";"Brasil"
"saopaulo_bra";"São Paulo";"Brasil"
"saoraimundoam_bra";"São Raimundo-AM";"Brasil"
"saoraimundo_pa";"São Raimundo-PA";"Brasil"
"saoraimundorr_bra";"São Raimundo-RR";"Brasil"
"saraievo_bos";"Sarajevo";"BOS"
"saratosametro_eua";"Sarasota Metropolis";"EUA"
"Sariyer_tur";"Sariyer";"Turquia"
"sarmiento_arg";"Sarmiento";"Argentina"
"SarmientoAyacucho_arg";"Sarmiento Ayacucho";"Argentina"
"SarmientoLeones_arg";"Sarmiento Leones";"Argentina"
"SarmientoDeResistencia_arg";"Sarmiento Resistencia";"Argentina"
"sarpsborg_nor";"Sarpsborg 08";"Noruega"
"sassuolo_it";"Sassuolo";"IT"
"saturn_rus";"Saturn";"Rússia"
"saxan_mda";"Saxan Ceadir Lunga";"MDA"
"sc-armee-nationale_mtn";"SC Armée Nationale";"MTN"
"sportingbraga_por";"SC Braga";"Portugal"
"cham_sui";"SC Cham";"Suíça"
"freiburg_ale";"SC Freiburg";"Alemanha"
"kriens_sui";"SC Kriens";"Suíça"
"schwaz_aut";"SC Schwaz";"Áustria"
"scunited_eua";"SC United Bantams";"EUA"
"SchaldingHeining_ale";"Schalding-Heining";"Alemanha"
"schalke04_ale";"Schalke 04";"Alemanha"
"Schalke04II_ale";"Schalke 04 II ";"Alemanha"
"Scheveningen_hol";"Scheveningen";"Holanda"
"Lubeck_ale";"Schlomm";"Alemanha"
"Schonberg_ale";"Schonberg";"Alemanha"
"SchwarzWeissRehden_ale";"Schwarz-Weiss Rehden";"Alemanha"
"Schweinfurt_ale";"Schweinfurt";"Alemanha"
"scunthorpe_ing";"Scunthorpe United";"Inglaterra"
"panamaoeste_pan";"SD Panamá Oeste";"PAN"
"seacoastunited_eua";"Seacoast United Phantoms";"EUA"
"seattlesounders433_eua";"Seattle Sounders";"EUA"
"seatllesounders2_eua";"Seattle Sounders II";"EUA"
"sedan_fra";"Sedan";"França"
"seekirchen_aut";"Seekirchen";"Áustria"
"loudoun433_eua";"Segra Field";"EUA"
"Seligenporten_ale";"Seligenporten";"Alemanha"
"sepahan_ira";"Sepahan";"IRA"
"seraing_bel";"Seraing";"Bélgica"
"SERC_bra";"SERC";"Brasil"
"sfksered_elq";"Sered";"ELQ"
"logrones_esp";"Sergio Rodríguez ";"Espanha"
"sergipe_se";"Sergipe";"Brasil"
"serra_es";"Serra";"Brasil"
"serrabranca_pb";"Serra Branca-PB";"Brasil"
"serranope_bra";"Serrano PE";"Brasil"
"serrato_per";"Serrato";"Peru"
"sertanense_por";"Sertanense";"Portugal"
"sertaozinho_sp";"Sertãozinho";"Brasil"
"servette_sui";"Servette";"Suíça"
"Sete_fra";"Sete";"França"
"sevilla_esp";"Sevilla";"Espanha"
"sevillaatletico_esp";"Sevilla II";"Espanha"
"sfintul_mol";"Sfântul Gheorghe";"MOL"
"shaanxi_chn";"Shaanxi Chang'an";"CHN"
"ahli_uae";"Shabab Al-Ahli";"UAE"
"sahel_lbn";"Shabab Al-Sahel";"LBN"
"shakhtar_ucr";"Shakhtar Donetsk";"Ucrânia"
"soligorsk_bie";"Shakhter Soligorsk";"BIE"
"shamrock_irl";"Shamrock Rovers";"IRL"
"shanunited_mia";"Shan United";"MIA"
"shandong_chn";"Shandong Taishan";"CHN"
"ShanghaiJuJuSports_chn";"Shanghai JuJu";"CHN"
"shangaisipg_chn";"Shanghai Port";"CHN"
"sanghai_chn";"Shanghai Shenhua";"CHN"
"shanghaishenxin_chn";"Shanghai Shenxin";"CHN"
"ShanghaiSunfun_chn";"Shanghai Sunfun";"CHN"
"sheffieldunited_ing";"Sheffield United";"Inglaterra"
"sheffield_ing";"Sheffield Wednesday";"Inglaterra"
"ShenyangDongjin_chn";"Shenyang Dongjin";"CHN"
"liaoning_chn";"Shenyang Olympic Stadium";"CHN"
"shenzhen_chn";"Shenzhen";"CHN"
"ShenzhenRenren_chn";"Shenzhen Renren";"CHN"
"sherifftiraspol_mol";"Sheriff Tiraspol";"MOL"
"shijiazhuang_chn";"Shijiazhuang Ever Bright";"CHN"
"shinnikyaroslavl_rus";"Shinnik";"Rússia"
"Shirak_Arm";"Shirak Giumri";"ARM"
"shkendija_mkd";"Shkendija Tetovo";"MKD"
"shkupi_mkd";"Shkupi";"MKD"
"shrewsbury_ing";"Shrewsbury Town";"Inglaterra"
"shturmisartichala_ge";"Shturmi Sartichala";"Geórgia"
"sibir2_rus";"Sibir Novosibirsk II";"Rússia"
"sichuan_chn";"Sichuan Longfor";"CHN"
"siena_ita";"Siena";"Itália"
"LensII_fra";"Sikora";"França"
"sileks_mkd";"Sileks Kratovo";"MKD"
"Silivrispor_tur";"Silivrispor";"Turquia"
"silkeborg_din";"Silkeborg";"Dinamarca"
"simba_tan";"Simba SC";"TAN"
"lincoln_ing";"Sincil Bannk";"Inglaterra"
"sindjelic_srb";"Sindjelic Belgrad";"Sérvia"
"winkel_bel";"Sint-Eloois-Winkel";"Bélgica"
"sintniklaas_bel";"Sint-Niklaas";"Bélgica"
"susintrense_por";"Sintrense";"Portugal"
"sionibolnisi_ge";"Sioni Bolnisi";"Geórgia"
"siracusa_ita";"Siracusa";"Itália"
"sirens_mta";"Sirens";"MTA"
"SivasBelediyespor_tur";"Sivas Belediyespor";"Turquia"
"sivasspor_tur";"Sivasspor Kulübü";"Turquia"
"waasland_bel";"SK Beveren";"Bélgica"
"skgagra_ge";"SK Gagra";"Geórgia"
"skrustavi_ge";"SK Rustavi";"Geórgia"
"sksamtredia_ge";"SK Samtredia";"Geórgia"
"sksupernova_let";"SK Super Nova";"Letônia"
"sktelavi_ge";"SK Telavi";"Geórgia"
"skakhabarovsk_rus";"SKA Khabarovsk";"Rússia"
"skarostov_rus";"SKA Rostov";"Rússia"
"skive_din";"Skive";"Dinamarca"
"amstetten_aut";"SKU Amstetten";"Áustria"
"slavenbelupo_cro";"Slaven Belupo";"Croácia"
"slavia_cze";"Slavia Praga";"CZE"
"slaviasofia_bul";"Slavia Sofia";"BUL"
"slovan_slk";"Slovan Bratislava";"SLK"
"slovanliberec_cze";"Slovan Liberec";"CZE"
"smederevo_srb";"Smederevo";"Sérvia"
"smena_rus";"Smena Komsomolsk";"Rússia"
"smouha_egi";"Smouha";"Egito"
"sobradinho_df_bra";"Sobradinho";"Brasil"
"sochaux_fr";"Sochaux";"FR"
"fcsochi_rus";"Sochi";"Rússia"
"sokol_rus";"Sokol Saratov";"Rússia"
"solamerica_par";"Sol de América";"Paraguai"
"SolDeAmericaDeFormosa_arg";"Sol de América Formosa";"Argentina"
"SolDeMayo_arg";"Sol de Mayo";"Argentina"
"solieres_bel";"Solières Sport";"Bélgica"
"solihull_ing";"Solihull Moors";"Inglaterra"
"sonderjyske_din";"SönderjyskE";"Dinamarca"
"SonnenhofGrossaspac_ale";"Sonnenhof Großaspach";"Alemanha"
"sousapb_bra";"Sousa";"Brasil"
"sousense_por";"Sousense";"Portugal"
"southampton_eng";"Southampton";"ENG"
"southend_ing";"Southend United";"Inglaterra"
"southport_ing";"Southport";"Inglaterra"
"spaeritbilisi_ge";"Spaeri Tbilisi";"Geórgia"
"Spakenburg_hol";"Spakenburg";"Holanda"
"spal_ita";"SPAL";"Itália"
"sparta_bel";"Sparta Petegem";"Bélgica"
"sparta_tch";"Sparta Praga";"TCH"
"sparta_hol";"Sparta Rotterdam";"Holanda"
"SpartaRotterdamII_hol";"Sparta Rotterdam II";"Holanda"
"spartakkostroma_rus";"Spartak Kostroma";"Rússia"
"spartakB_rus";"Spartak Moscou II";"Rússia"
"spartak_rus";"Spartak Moscow";"Rússia"
"spartaknalchik_rus";"Spartak Nalchik";"Rússia"
"spartak_ser";"Spartak Subotica";"Sérvia"
"spartaktrnava_slk";"Spartak Trnava";"SLK"
"spartakvladikavkaz_rus";"Spartak Vladikavkaz";"Rússia"
"spezia_ita";"Spezia Calcio";"Itália"
"Spijkenisse_hol";"Spijkenisse";"Holanda"
"rnksplit_cro";"Split";"Croácia"
"spokane433_eua";"Spokane";"EUA"
"sport";"Sport";"Brasil"
"sportancash_per";"Sport Áncash";"Peru"
"sportboys_per";"Sport Boys";"Peru"
"herediano_crc";"Sport Herediano";"CRC"
"sporthuncayo_per";"Sport Huancayo";"Peru"
"sportloreto_per";"Sport Loreto";"Peru"
"sportrosario_per";"Sport Rosario";"Peru"
"sinop_mt";"Sport Sinop";"Brasil"
"sportvictoria_per";"Sport Victoria";"Peru"
"SportfreundeSiegenVon_ale";"Sportfreunde Siegen Von";"Alemanha"
"sporting_por";"Sporting";"Portugal"
"Sportingb_por";"Sporting B";"Portugal"
"sportingcristal_per";"Sporting Cristal";"Peru"
"hasselt_bel";"Sporting Hasselt";"Bélgica"
"spideal_por";"Sporting Ideal";"Portugal"
"kansascity433_eua";"Sporting Kansas City";"EUA"
"SportingToulon_fra";"Sporting Toulon";"França"
"SportivoBarracas_arg";"Sportivo Barracas";"Argentina"
"BelgranoDeSanFrancisco_arg";"Sportivo Belgrano";"Argentina"
"SportivoGuzman_arg";"Sportivo Guzman";"Argentina"
"SportivoItaliano_arg";"Sportivo Italiano ";"Argentina"
"sportivoiteno_par";"Sportivo Iteño";"Paraguai"
"SportivoLasParejas_arg";"Sportivo Las Parejas";"Argentina"
"sportivoluqueno_par";"Sportivo Luqueño";"Paraguai"
"SportivoPatria_arg";"Sportivo Patria";"Argentina"
"sanlorenzo_par";"Sportivo San Lorenzo";"Paraguai"
"sportivotrinidense_par";"Sportivo Trinidense";"Paraguai"
"neusiedl_aut";"Sportzentrum Neusiedl ";"Áustria"
"spouwen_bel";"Spouwen-Mopertingen";"Bélgica"
"sprimont_bel";"Sprimont-Comblain";"Bélgica"
"Sprockhovel_ale";"Sprockhovel";"Alemanha"
"Bayreuth_ale";"SpVgg Bayreuth";"Alemanha"
"stjosephs_gib";"St Joseph's";"GIB"
"stgallen_sui";"St. Gallen";"Suíça"
"stlouis433_eua";"St. Louis City";"EUA"
"stmirren_esc";"St. Mirren";"Escócia"
"stpatricks_irl";"St. Patricks Athletic";"IRL"
"stpauli_ale";"St. Pauli";"Alemanha"
"SanktPauliII_ale";"St. Pauli II ";"Alemanha"
"stpolten_aut";"St. Pölten";"Áustria"
"sint_bel";"St.Truiden";"Bélgica"
"StadeBordelais_fra";"Stade Bordelais";"França"
"brest_fr";"Stade Brest";"FR"
"StadeBrionchin_fra";"Stade Brionchin";"França"
"laval_fr";"Stade Lavallois";"FR"
"stademalien_mli";"Stade Malien";"MLI"
"StadeMontois_fra";"Stade Montois";"França"
"StadePlabennecois_fra";"Stade Plabennecois";"França"
"reims_fr";"Stade Reims";"FR"
"ReimsII_fra";"Stade Reims II";"França"
"luparoma_ita";"Stadio Quinto Ricci";"Itália"
"liapi_kos";"Stadiumi Zahir Pajaziti";"KOS"
"standardliege_bel";"Standard Liège";"Bélgica"
"ljungskile_sue";"Starke Arvid Arena";"Suécia"
"steua_bucaresti_rom";"Steaua Bucuresti";"ROM"
"lommelunited_bel";"Stedelijk";"Bélgica"
"Steinbach_ale";"Steinbach";"Alemanha"
"stenhousemuir_esc";"Stenhousemuir";"Escócia"
"stevenage_ing";"Stevenage";"Inglaterra"
"stirling_esc";"Stirling";"Escócia"
"stockport_ing";"Stockport County";"Inglaterra"
"stokecity_ing";"Stoke City";"Inglaterra"
"stormersba_bol";"Stormers Chuquisaca";"Bolívia"
"stranraer_esc";"Stranraer";"Escócia"
"strasbourg_fra";"Strasbourg";"França"
"StrasbourgII_fra";"Strasbourg II ";"França"
"strogino_rus";"Strogino Moscou";"Rússia"
"stromsgodset_nor";"Strømsgodset";"Noruega"
"sturmgraz_aut";"Sturm Graz";"Áustria"
"StuttgartII_ale";"Stuttgart II";"Alemanha"
"StuttgarterKickers_ale";"Stuttgarter Kickers";"Alemanha"
"sudamerica_uru";"Sud América";"Uruguai"
"sudtirol_ita";"Südtirol";"Itália"
"suduva_lit";"Suduva";"LIT"
"LuzernII_sui";"Suleman Raja ";"Suíça"
"SultanbeyliBelediye_tur";"Sultanbeyli Belediye";"Turquia"
"sumqayit_azb";"Sumgayit";"AZB"
"sunderland";"Sunderland";"SUNDERLAND"
"sutjeska_mon";"Sutjeska";"MON"
"sutton_ing";"Sutton United";"Inglaterra"
"suva_fij";"Suva";"FIJ"
"suwon_kor";"Suwon Bluewings";"KOR"
"SuzhouDongwu_chn";"Suzhou Dongwu";"CHN"
"grodig_aut";"SV Grödig";"Áustria"
"horn_aut";"SV Horn";"Áustria"
"ried_aut";"SV Ried";"Áustria"
"riedii_aut";"SV Ried II";"Áustria"
"swansea_ing";"Swansea City";"Inglaterra"
"swindon_ing";"Swindon Town";"Inglaterra"
"luzern_sui";"Swissporarena";"Suíça"
"switchbacks433_eua";"Switchbacks FC";"EUA"
"sydneyfc_aus";"Sydney FC";"Austrália"
"syzran2003_rus";"Syzran-2003";"Rússia"
"tacuarembo_uru";"Tacuarembó";"Uruguai"
"talleres_arg";"Talleres";"Argentina"
"TalleresRemedios_arg";"Talleres de Remedios";"Argentina"
"TalleresDePerico_arg";"Talleres Perico";"Argentina"
"tambov_rus";"Tambov";"Rússia"
"tampabay433_eua";"Tampa Bay Rowdies";"EUA"
"tampinesrovers_sin";"Tampines Rovers";"SIN"
"tapajospa_bra";"Tapajós";"Brasil"
"taranto_ita";"Taranto";"Itália"
"Tarbes_fra";"Tarbes";"França"
"TarsusIdmanYurdu_tur";"Tarsus İdman Yurdu";"Turquia"
"taubate_sp";"Taubaté";"Brasil"
"tauro_pan";"Tauro";"PAN"
"TEC_hol";"TEC";"Holanda"
"tecnico_equ";"Técnico Universitario";"Equador"
"Tekirdagspor_tur";"Tekirdagspor";"Turquia"
"tekstilshchik_rus";"Tekstilshchik";"Rússia"
"telstar_hol";"Telstar";"Holanda"
"temperley_arg";"Temperley";"Argentina"
"tempo_bel";"Tempo Overijse";"Bélgica"
"temse_bel";"Temse";"Bélgica"
"tenerife_esp";"Tenerife";"Espanha"
"Tepecikspor_tur";"Tepecikspor";"Turquia"
"teramo_ita";"Teramo";"Itália"
"ternana_ita";"Ternana";"Itália"
"teungueth_sen";"Teungueth";"SEN"
"texasunited_eua";"Texas United";"EUA"
"TextilMandiyu_arg";"Textil Mandiyu";"Argentina"
"thenewsaints_wal";"The New Saints";"WAL"
"thestrongest_bol";"The Strongest";"Bolívia"
"ThunII_sui";"Thun II";"Suíça"
"thunderbay_eua";"Thunder Bay Chill";"EUA"
"tianjinjinmentiger_chi";"Tianjin Jinmen Tiger";"China"
"tianjinteda_chn";"Tianjin Teda";"CHN"
"tianjinquanjian_chn";"Tianjin Tianhai";"CHN"
"tienen_bel";"Tienen";"Bélgica"
"Larne_irn";"Tiernan Lynch";"IRN"
"tigre_arg";"Tigre";"Argentina"
"tigres_col";"Tigres";"Colômbia"
"tigres_mex";"Tigres UANL";"México"
"Tire1922_tur";"Tire 1922";"Turquia"
"TiroFederal_arg";"Tiro Federal";"Argentina"
"TIROYGIMNASIA_arg";"Tiro y Gimnasia San Pedro";"Argentina"
"tishreen_sir";"Tishreen SC";"SIR"
"tobaccoroad_eua";"Tobacco Road";"EUA"
"tobylkostanai_caz";"Tobol Kostanay";"CAZ"
"tocantinopolis";"Tocantinópolis";"Brasil"
"toftaitrottarfelagbolt_ilh";"Tofta Ítróttarfelag, Bóltfelagið 1968";"Ilhas Faroé"
"Tokatspor_tur";"Tokatspor";"Turquia"
"toledopr_bra";"Toledo";"Brasil"
"toledo_esp";"Toledo Castela-Mancha";"Espanha"
"tomtomsk_rus";"Tom Tomsk";"Rússia"
"tomasgreig_chi";"Tomás Greig";"Chile"
"tombense_mg";"Tombense";"Brasil"
"tondela_por";"Tondela";"Portugal"
"oss_hol";"Top Oss";"Holanda"
"torcatense";"Torcatense";"TORCATENSE"
"torhout_bel";"Torhout 92";"Bélgica"
"torino_it";"Torino";"IT"
"tormenta433_eua";"Tormenta FC";"EUA"
"toronto433_eua";"Toronto FC";"EUA"
"torontofcII_eua";"Toronto II";"EUA"
"torpedo_bie";"Torpedo BelAZ";"BIE"
"torpedokutaisi_ge";"Torpedo Kutaisi";"Geórgia"
"torpedomoscou_rus";"Torpedo Moscow";"Rússia"
"ladatogliatti_rus";"Torpedo Stadium";"Rússia"
"torpedovladimir_rus";"Torpedo Vladimir";"Rússia"
"torquay_ing";"Torquay United";"Inglaterra"
"torremoncorvo_por";"Torre de Moncorvo";"Portugal"
"torreense_por";"Torreense";"Portugal"
"tosno_rus";"Tosno";"Rússia"
"toti_pap";"Toti City";"PAP"
"tottenhamhotspur_ing";"Tottenham Hotspur";"Inglaterra"
"toulouse_fr";"Toulouse";"FR"
"tourizense_por";"Tourizense";"Portugal"
"tours_fr";"Tours";"FR"
"mazembe_con";"TP Mazembe";"CON"
"trabzonspor_tur";"Trabzonspor";"Turquia"
"los_angeles_II_eua";"Track and Field Stadium";"EUA"
"tractor_irn";"Tractor Sazi";"IRN"
"tranmere_ing";"Tranmere Rovers";"Inglaterra"
"trapani_ita";"Trapani";"Itália"
"trasandino_chi";"Trasandino";"Chile"
"trayal_srb";"Trayal Kruševac";"Sérvia"
"trefiori_smr";"Tre Fiori";"SMR"
"trepenne_smr";"Tre Penne";"SMR"
"trelleborgs_sue";"Trelleborgs FF";"Suécia"
"ap_trem";"Trem";"Brasil"
"trencin_esk";"Trenčín";"ESK"
"trezepb_bra";"Treze";"Brasil"
"tricities_eua";"Tri-Cities Otters";"EUA"
"trietina_ita";"Triestina";"Itália"
"trikala_gre";"Trikala";"Grécia"
"trofense_por";"Trofense";"Portugal"
"tromso_nor";"Tromsö";"Noruega"
"Tromso";"Tromsø IL";"TROMSO"
"troyes_fr";"Troyes";"FR"
"Trujillanos_ven";"Trujillanos";"Venezuela"
"LibertadDeSunchales_arg";"Trullet";"Argentina"
"tubize_bel";"Tubize";"Bélgica"
"tudelano_esp";"Tudelano";"Espanha"
"tulsa433_eua";"Tulsa";"EUA"
"tunaluso_pa";"Tuna Luso";"Brasil"
"tuntumma_bra";"Tuntum";"Brasil"
"Turgutluspor_tur";"Turgutluspor";"Turquia"
"TurkgucuMunchen";"Turkgucu Munchen";"TURKGUCUMUNCHEN"
"TuSKoblenz_ale";"TuS Koblenz";"Alemanha"
"tuttocuoio_it";"Tuttocuoio";"IT"
"LiniersBahiaBlanca_arg";"Tuya";"Argentina"
"tuzlaspor_tur";"Tuzlaspor";"Turquia"
"tvroyrarboltfelag_ilh";"Tvøroyrar Bóltfelag";"Ilhas Faroé"
"TwenteII_hol";"Twente II";"Holanda"
"tyumen_rus";"Tyumen";"Rússia"
"UalUrquiza_arg";"UAI Urquiza";"Argentina"
"uberlandia_ec";"Uberlândia";"Brasil"
"murcia_esp";"UCAM Murcia";"Espanha"
"ibiza_esp";"UD Ibiza";"Espanha"
"udsongo_moc";"UD Songo";"MOC"
"udinese_it";"Udinese";"IT"
"ufa_rus";"Ufa";"Rússia"
"ufa2_rus";"Ufa II";"Rússia"
"ulbraro_bra";"Ulbra";"Brasil"
"Ulm1846_ale";"Ulm 1846";"Alemanha"
"ulsan_jap";"Ulsan Hyundai";"Japão"
"umea_sue";"Umeå FC";"Suécia"
"ummsalal_cat";"Umm-Salal";"Catar"
"umraniyespor_tur";"Ümraniyespor";"Turquia"
"usmdeloum_cam";"UMS de Loum";"CAM"
"UNA_hol";"UNA Zeelst";"Holanda"
"pumasunam_mex";"UNAM Pumas";"México"
"uniaobandeirante_bra";"União Bandeirante";"Brasil"
"uniaobarbarense_bra";"União Barbarense";"Brasil"
"uniaoaraguainense_br";"União Carmolandense";"Brasil"
"uniaomadeira_por";"União da Madeira";"Portugal"
"uniaoleiria_por";"União de Leiria";"Portugal"
"uniaorondonopolis_mt";"União Rondonópolis";"Brasil"
"uniaors_bra";"União-RS";"Brasil"
"fondi_ita";"Unicusano Fondi";"Itália"
"UnionAconquija_arg";"Unión Aconquija";"Argentina"
"unionberlin_ale";"Union Berlin";"Alemanha"
"union_per";"Unión Comercio";"Peru"
"unionespanola_chi";"Unión Española";"Chile"
"UnionFurstenwalde_ale";"Union Furstenwalde";"Alemanha"
"gurten_aut";"Union Gurten";"Áustria"
"unionhuaral_per";"Unión Huaral";"Peru"
"unionlacalera_chi";"Unión La Calera";"Chile"
"unionmagdalena_col";"Unión Magdalena";"Colômbia"
"omaha433_eua";"Union Omaha";"EUA"
"UPetange_Lux";"Union Pétange";"LUX"
"union_bel";"Union Saint-Gilloise";"Bélgica"
"unionsanfelipe_chi";"Unión San Felipe";"Chile"
"union_arg";"Unión Santa Fé";"Argentina"
"UnionSantiago_arg";"Unión Santiago";"Argentina"
"UnionDeSunchales_arg";"Unión Sunchales";"Argentina"
"uniontarapoto_per";"Unión Tarapoto";"Peru"
"UnionTouarga";"Union Touarga Sportif";"UNIONTOUARGA"
"UnionDeVillaKrause_arg";"Unión Villa Krause";"Argentina"
"unitedcity_fil";"United City";"FIL"
"utdman_ing";"United of Manchester";"Inglaterra"
"univcatolicaquito_equ";"Univ. Católica";"Equador"
"cesarvallejo_per";"Univ. César Vallejo";"Peru"
"utc_per";"Universidad Cajamarca";"Peru"
"universidadcatolica_chi";"Universidad Católica";"Chile"
"universidadchile_chi";"Universidad Chile";"Chile"
"univconcepcion_chi";"Universidad Concepción";"Chile"
"sanmartin_per";"Universidad San Martín";"Peru"
"ucv_ven";"Universidad Venezuela";"Venezuela"
"universitario_per";"Universitario";"Peru"
"universitariobeni_bol";"Universitario Beni";"Bolívia"
"universitariopando_bol";"Universitario Pando";"Bolívia"
"universitario_col";"Universitario Popayan";"Colômbia"
"universitariodesucre_bol";"Universitario Sucre";"Bolívia"
"craiova_rom";"Universitatea Craiova";"ROM"
"ucd_irl";"University College Dublin";"IRL"
"Unterchaching_ale";"Unterhaching";"Alemanha"
"ural_rus";"Ural";"Rússia"
"ural2_rus";"Ural II";"Rússia"
"urawareds_jap";"Urawa Reds";"Japão"
"urozhay_rus";"Urozhay Krasnodar";"Rússia"
"urt_bra";"URT";"Brasil"
"monastir_tun";"US Monastir";"TUN"
"UtasUsakspor_tur";"Uşak Spor";"Turquia"
"usmalger_arl";"USM Alger";"ARL"
"USVHercules_hol";"USV Hercules";"Holanda"
"utrechtb_hol";"Utrecht II";"Holanda"
"vaduz_lie";"Vaduz";"LIE"
"vaduz_sui";"Vaduz";"Suíça"
"valadaresgaia_ba_por";"Valadares Gaia";"Portugal"
"valencia_esp";"Valencia";"Espanha"
"valenciaB_esp";"Valencia II";"Espanha"
"valenciennes_fr";"Valenciennes";"FR"
"valerenga_nor";"Vålerenga";"Noruega"
"valledupar_col";"Valledupar";"Colômbia"
"valletta_mta";"Valletta";"MTA"
"valmiera_let";"Valmiera Glass";"LET"
"valur_isl";"Valur Reykjavík";"ISL"
"VanBB_tur";"Van Belediyespor";"Turquia"
"vancouver433_eua";"Vancouver Whitecaps";"EUA"
"vancouver2_eua";"Vancouver Whitecaps II";"EUA"
"varberg_sue";"Varbergs BoIS";"Suécia"
"varnamo_sue";"Värnamo";"Suécia"
"varzim_por";"Varzim";"Portugal"
"vasco";"Vasco da Gama";"Brasil"
"vascoac_bra";"Vasco-AC";"Brasil"
"vasteras_sue";"Västerås SK";"Suécia"
"vb_den";"Vejle";"DEN"
"veles_rus";"Veles";"Rússia"
"VelezSanRamon_arg";"Velez San Ramon";"Argentina"
"velezsarsfield_arg";"Vélez Sársfield";"Argentina"
"veloclube_bra";"Velo Clube";"Brasil"
"venezia_ita";"Venezia";"Itália"
"vcfusion_eua";"Ventura County Fusion";"EUA"
"geel_bel";"Verbroedering Geel ";"Bélgica"
"verdes_blz";"Verdes";"BLZ"
"veres_ucr";"Veres";"Ucrânia"
"Verl1924_ale";"Verl 1924";"Alemanha"
"sttutgart_ale";"VfB Stuttgart";"Alemanha"
"VialeMariaGrande_arg";"Viale ";"Argentina"
"vibonese_ita";"Vibonese";"Itália"
"viborg_den";"Viborg";"DEN"
"vicenza_ita";"Vicenza";"Itália"
"viettel_vie";"Viettel";"VIE"
"hamme_bel";"Vigor Wuitens Hamme";"Bélgica"
"viking_nor";"Viking FK";"Noruega"
"vikingurgta_ilh";"Víkingur Gøta";"Ilhas Faroé"
"vikingur_isl";"Víkingur Ólafsvík";"ISL"
"ViktoriaBerlin_ale";"Viktoria Berlin";"Alemanha"
"ViktoriaKoln_ale";"Viktoria Köln";"Alemanha"
"viktoria_rep";"Viktoria Plzeň";"REP"
"vilago";"Vila Nova";"Brasil"
"lusitanovrsa_por";"Vila Real de Santo António";"Portugal"
"vilafranquense_pt";"Vilafranquense";"PT"
"vilavelhense_es";"Vilavelhense";"Brasil"
"vilaverdense_por";"Vilaverdense";"Portugal"
"VillaCubas_arg";"Villa Cubas";"Argentina"
"villadalmine_arg";"Villa Dálmine";"Argentina"
"villaespanhola_uru";"Villa Española";"Uruguai"
"VillaMitre_arg";"Villa Mitre";"Argentina"
"vilanovamg_bra";"Villa Nova MG";"Brasil"
"VillaSanCarlos_arg";"Villa San Carlos";"Argentina"
"villateresa_uru";"Villa Teresa";"Uruguai"
"villanovense_esp";"Villanovense";"Espanha"
"villareal_esp";"Villarreal";"Espanha"
"vilarrealb_esp";"Villarreal II";"Espanha"
"Villefranche_fra";"Villefranche";"França"
"vipers_uga";"Vipers SC";"UGA"
"entella_ita";"Virtus Entella";"Itália"
"virtusfrancavilla_it";"Virtus Francavilla";"IT"
"ViryChatillon_fra";"Viry Chatillon ";"França"
"vispesaro_it";"Vis Pesaro";"IT"
"visselkobe_jap";"Vissel Kobe";"Japão"
"vitaclub_rdc";"Vita Club Kinshasa";"RDC"
"vitebsk_bie";"Vitebsk";"BIE"
"viterbese_it";"Viterbese";"IT"
"vitesse_hol";"Vitesse";"Holanda"
"VitesseII_hol";"Vitesse II";"Holanda"
"vitoria";"Vitória";"Brasil"
"vitoriaconquista_bra";"Vitória da Conquista";"Brasil"
"vitoriaguimaraes_por";"Vitória de Guimarães";"Portugal"
"vitoriagb_por";"Vitória de Guimarães B";"Portugal"
"vitsernache_por";"Vitória de Sernache";"Portugal"
"vitoriasetubal_por";"Vitória Setúbal";"Portugal"
"vitoriape_bra";"Vitória-PE";"Brasil"
"vizela_por";"Vizela";"Portugal"
"vojvodina_srb";"Vojvodina";"Sérvia"
"volendam_hol";"Volendam";"Holanda"
"VolendamII_hol";"Volendam II";"Holanda"
"volgaulyanovsk_rus";"Volga Uljanovsk";"Rússia"
"volgar_rus";"Volgar";"Rússia"
"volos_gre";"Volos NFC";"Grécia"
"voltaredondarj_bra";"Volta Redonda";"Brasil"
"volyn_ucr";"Volyn Lutsk";"Ucrânia"
"vorsklapoltava_ucr";"Vorskla";"Ucrânia"
"vorwartssteyr_aut";"Vorwärts Steyr";"Áustria"
"votuporanguense_sp";"Votuporanguense";"Brasil"
"vozdovak_srb";"Voždovac";"Sérvia"
"vpkagro_ucr";"VPK-Agro";"Ucrânia"
"Katwijk_hol";"VV Katwijk";"Holanda"
"VVOG_hol";"VVOG";"Holanda"
"VVSB_hol";"VVSB Noordwijkerhout";"Holanda"
"venlo_hol";"VVV-Venlo";"Holanda"
"WackerBurghausen_ale";"Wacker Burghausen";"Alemanha"
"innsbruck_aut";"Wacker Innsbruck";"Áustria"
"innsbruckii_aut";"Wacker Innsbruck II";"Áustria"
"WackerNordhausen_ale";"Wacker Nordhausen";"Alemanha"
"wakefc_eua";"Wake";"EUA"
"WaldhofMannheim_ale";"Waldhof Mannheim";"Alemanha"
"walhain_bel";"Wallonia Walhain";"Bélgica"
"walsall_ing";"Walsall";"Inglaterra"
"waremme_bel";"Waremme";"Bélgica"
"Wasquehal_fra";"Wasquehal";"França"
"waterhouse_jam";"Waterhouse";"JAM"
"watford_ing";"Watford";"Inglaterra"
"Wattenscheid_ale";"Wattenscheid";"Alemanha"
"wehenwiesbaden_ale";"Wehen Wiesbaden";"Alemanha"
"WeicheFlensburg_ale";"Weiche Flensburg";"Alemanha"
"werderbremen_ale";"Werder Bremen";"Alemanha"
"WerderBrememII_ale";"Werder Bremen II";"Alemanha"
"wafa_gha";"West African FA";"GHA"
"westbromwich_ing";"West Bromwich";"Inglaterra"
"westham_eng";"West Ham";"ENG"
"westerlo_bel";"Westerlo ";"Bélgica"
"westernmass_eua";"Western Mass Pioneers";"EUA"
"westhoek_bel";"Westhoek";"Bélgica"
"Westlandia_hol";"Westlandia";"Holanda"
"Wiedenbruck2000_ale";"Wiedenbruck";"Alemanha"
"wsc_aut";"Wiener Sport-Club";"Áustria"
"wigan_ing";"Wigan Athletic";"Inglaterra"
"wijaya_brn";"Wijaya";"BRN"
"willemii_hol";"Willem II";"Holanda"
"wimbledon_ing";"Wimbledon";"Inglaterra"
"wisla_pl";"Wisła Płock";"PL"
"qatarsc_cat";"Wissam Rizk";"Catar"
"woking_ing";"Woking";"Inglaterra"
"wolfsbergerac_aut";"Wolfsberger";"Áustria"
"wolfsburg_ale";"Wolfsburg";"Alemanha"
"WolfsburgII_ale";"Wolfsburg II ";"Alemanha"
"woluwe_bel";"Woluwe-Zaventem";"Bélgica"
"wolverhampton_ing";"Wolverhampton";"Inglaterra"
"wongtai_hkg";"Wong Tai Sin";"HKG"
"WormatiaWorms_ale";"Wormatia Worms";"Alemanha"
"wrexham_ing";"Wrexham AFC";"Inglaterra"
"wsgtirol_aut";"WSG Tirol";"Áustria"
"wuhanthreetowns_chi";"Wuhan Three Towns";"China"
"wuhanzall_chn";"Wuhan Zall";"CHN"
"Wuppertaler_ale";"Wuppertaler";"Alemanha"
"wurzburger_ale";"Würzburger Kickers";"Alemanha"
"wycombe_ing";"Wycombe Wanderers";"Inglaterra"
"wac_mar";"Wydad Casablanca";"Marrocos"
"xanthi_gre";"Xanthi";"Grécia"
"xvdepiracicaba_sp";"XV de Piracicaba";"Brasil"
"yanbianfunde_chn";"Yanbian Funde";"CHN"
"YeniAltindagBS_tur";"Yeni Altındag BS";"Turquia"
"malatyaspor_tur";"Yeni Malatyaspor";"Turquia"
"YeniOrduspor_tur";"Yeni Orduspor";"Turquia"
"yeovil_ing";"Yeovil Town";"Inglaterra"
"YesilBursa_tur";"Yesil Bursa";"Turquia"
"juventus_sui";"YF Juventus";"Suíça"
"yokohamamarinos_jap";"Yokohama Marinos";"Japão"
"Yomraspor_tur";"Yomraspor";"Turquia"
"yorkcity_ing";"York City";"Inglaterra"
"youngboys_sui";"Young Boys";"Suíça"
"YoungBoysII_sui";"Young Boys II";"Suíça"
"ypiranga_rs";"Ypiranga";"Brasil"
"ypiranga_ap";"Ypiranga-AP";"Brasil"
"YunnanLijiang_chn";"Yunnan Lijiang";"CHN"
"yunnanyukun_chi";"Yunnan Yukun";"China"
"Yupanqui_arg";"Yupanqui";"Argentina"
"yverdon_sui";"Yverdon-Sport FC";"Suíça"
"Yzeure_fra";"Yzeure";"França"
"zalgiris_lit";"Zalgiris Vilnius";"LIT"
"zamalek_egi";"Zamalek";"Egito"
"zamora_ven";"Zamora";"Venezuela"
"zanako_zam";"Zanaco";"ZAM"
"zaragozaB_ba_esp";"Zaragoza II";"Espanha"
"zarkovo_srb";"Zarkovo";"Sérvia"
"zeljeznicar_bih";"Zeljeznicar";"BIH"
"zemun_srb";"Zemun";"Sérvia"
"zenitb_ba_rus";"Zenit II";"Rússia"
"zenitirkutsk_rus";"Zenit Irkutsk";"Rússia"
"zenitizhevsk_rus";"Zenit Izhevsk";"Rússia"
"zenitpenza_rus";"Zenit Penza";"Rússia"
"zenit_rus";"Zenit St. Petersburg";"Rússia"
"zescounited_zam";"ZESCO United";"ZAM"
"zeta_mon";"Zeta Golubovac";"MON"
"zhejiangfc_chi";"Zhejiang FC";"China"
"hangzhou_chn";"Zhejiang Greentown";"CHN"
"ZhejiangYiteng_chn";"Zhejiang Yiteng";"CHN"
"ZhenjiangHuasa_chn";"Zhenjiang Huasa";"CHN"
"zibocuju_ba_chn";"Zibo Cuju";"CHN"
"zilina_slk";"Zilina";"SLK"
"zira_azb";"Zira";"AZB"
"zirkakropyvnytsky_ucr";"Zirka Kiev";"Ucrânia"
"zlatibor_srb";"Zlatibor Cajetina";"Sérvia"
"znamyatruda_rus";"Znamya Truda";"Rússia"
"ZonguldakKomurspor_tur";"Zonguldak Komurspor";"Turquia"
"zorky_rus";"Zorkiy Krasnogorsk";"Rússia"
"zorya_ucr";"Zorya Lugansk";"Ucrânia"
"QuickBoys_hol";"Zoutman";"Holanda"
"zrinjski_bos";"Zrinjski";"BOS"
"zulte_bel";"Zulte Waregem";"Bélgica"
"zvezdaperm_rus";"Zvezda Perm";"Rússia"
"zvezdastpetersburg_rus";"Zvezda St. Petersburg";"Rússia"
"zwarte_bel";"Zwarte Leeuw";"Bélgica"
"Zwickau_ale";"Zwickau";"Alemanha"
